project_id,purpose,purpose_grp,purpose_share
AK0001,business,business,1.0
AK0002,business,business,1.0
AK0003,re_construction,re_construction,1.0
AK0004,business,business,1.0
AK0006,business,business,1.0
AK0007,business,business,1.0
AK0008,re_rehab,re_rehab,1.0
AK0009,business,business,1.0
AK0010,re_rehab,re_rehab,1.0
AK0011,business,business,1.0
AK0012,business,business,1.0
AK0013,business,business,1.0
AK0014,business,business,1.0
AK0015,business,business,0.7518610421836228
AK0016,business,business,1.0
AK0017,business,business,1.0
AK0018,business,business,1.0
AK0019,business,business,1.0
AK0020,business,business,1.0
AK0021,business,business,1.0
AK0022,business,business,1.0
AK0025,business,business,1.0
AK0026,business,business,1.0
AK0027,business,business,1.0
AK0029,business,business,0.5649200096909
AK0030,re_construction,re_construction,1.0
AK0032,re_construction,re_construction,1.0
AK0033,business,business,1.0
AK0034,business,business,1.0
AK0035,business,business,1.0
AK0036,business,business,1.0
AK0037,re_construction,re_construction,1.0
AK0038,business,business,1.0
AK0039,business,business,1.0
AK0040,re_construction,re_construction,1.0
AL0001,re_rehab,re_rehab,1.0
AL0002,re_rehab,re_rehab,1.0
AL0003,re_construction,re_construction,1.0
AL0004,re_construction,re_construction,1.0
AL0005,housing_sf_new,housing_sf_new,1.0
AL0006,re_construction,re_construction,1.0
AL0007,business,business,1.0
AL0008,re_construction,re_construction,1.0
AL0009,business,business,1.0
AL0010,business,business,1.0
AL0011,housing_sf_new,housing_sf_new,1.0
AL0012,business,business,1.0
AL0013,business,business,1.0
AL0014,re_construction,re_construction,0.6575342465753424
AL0015,business,business,1.0
AL0016,re_construction,re_construction,1.0
AL0017,business,business,1.0
AL0018,business,business,1.0
AL0019,business,business,1.0
AL0020,re_construction,re_construction,1.0
AL0021,business,business,1.0
AL0022,business,business,0.75
AL0023,business,business,1.0
AL0024,business,business,1.0
AL0025,re_rehab,re_rehab,1.0
AL0026,re_construction,re_construction,1.0
AL0027,business,business,1.0
AL0028,business,business,1.0
AL0029,business,business,1.0
AL0030,business,business,1.0
AL0031,business,business,1.0
AL0032,re_construction,re_construction,1.0
AL0033,business,business,1.0
AL0034,business,business,1.0
AL0035,business,business,1.0
AL0036,business,business,1.0
AL0037,business,business,1.0
AL0038,business,business,1.0
AL0039,re_construction,re_construction,1.0
AL0040,re_rehab,re_rehab,1.0
AL0041,re_rehab,re_rehab,1.0
AL0042,business,business,1.0
AL0043,business,business,1.0
AL0044,business,business,1.0
AL0045,business,business,1.0
AL0046,business,business,0.5303760848601736
AL0047,re_construction,re_construction,1.0
AL0048,business,business,1.0
AL0049,business,business,1.0
AL0050,business,business,1.0
AL0051,business,business,1.0
AL0052,business,business,1.0
AL0053,business,business,1.0
AL0054,business,business,1.0
AL0055,re_construction,re_construction,1.0
AL0056,business,business,1.0
AL0058,re_rehab,re_rehab,1.0
AL0059,business,business,1.0
AL0060,business,business,1.0
AL0061,business,business,1.0
AL0062,business,business,1.0
AL0063,business,business,0.6524297297431493
AL0064,re_rehab,re_rehab,1.0
AL0065,re_rehab,re_rehab,1.0
AL0066,business,business,1.0
AL0067,re_construction,re_construction,1.0
AL0068,re_construction,re_construction,1.0
AL0069,re_construction,re_construction,1.0
AL0070,re_construction,re_construction,0.6509349955476402
AL0071,business,business,1.0
AL0072,re_construction,re_construction,0.9113475177304965
AL0073,business,business,1.0
AL0074,re_construction,re_construction,1.0
AL0075,re_rehab,re_rehab,0.5261180007515971
AL0076,re_construction,re_construction,1.0
AL0077,business,business,1.0
AL0078,business,business,1.0
AL0079,business,business,1.0
AL0080,re_construction,re_construction,1.0
AL0081,re_rehab,re_rehab,1.0
AL0082,business,business,1.0
AL0083,business,business,1.0
AL0084,re_construction,re_construction,1.0
AL0085,re_construction,re_construction,1.0
AL0086,business,business,1.0
AL0088,re_construction,re_construction,1.0
AL0089,business,business,1.0
AL0090,business,business,1.0
AL0091,re_construction,re_construction,1.0
AL0092,re_construction,re_construction,1.0
AL0094,business,business,1.0
AL0096,business,business,1.0
AL0097,re_construction,re_construction,1.0
AL0098,business,business,1.0
AL0104,re_construction,re_construction,1.0
AL0106,business,business,1.0
AL0107,business,business,1.0
AL0108,re_construction,re_construction,0.768025078369906
AL0109,business,business,1.0
AL0110,business,business,1.0
AL0111,business,business,1.0
AL0112,business,business,1.0
AL0113,business,business,1.0
AL0114,business,business,1.0
AL0115,re_construction,re_construction,1.0
AL0116,business,business,1.0
AL0117,business,business,1.0
AL0118,business,business,1.0
AL0119,re_rehab,re_rehab,1.0
AL0120,re_construction,re_construction,0.9171548117154812
AL0121,re_rehab,re_rehab,1.0
AL0122,re_rehab,re_rehab,1.0
AL0123,business,business,0.50036469730124
AL0124,re_construction,re_construction,1.0
AL0125,business,business,1.0
AL0126,business,business,1.0
AL0127,re_rehab,re_rehab,1.0
AL0128,business,business,1.0
AL0129,business,business,1.0
AL0130,business,business,1.0
AL0131,business,business,0.5334292970885611
AL0132,business,business,1.0
AL0133,re_rehab,re_rehab,1.0
AL0134,re_construction,re_construction,1.0
AL0135,business,business,0.640498899486427
AL0136,re_construction,re_construction,1.0
AL0137,business,business,1.0
AL0138,business,business,0.7442455242966752
AL0139,re_construction,re_construction,1.0
AL0140,re_construction,re_construction,1.0
AL0141,re_construction,re_construction,1.0
AL0142,re_rehab,re_rehab,1.0
AL0143,re_construction,re_construction,1.0
AL0144,business,business,0.6970867784560698
AL0145,business,business,1.0
AL0146,re_rehab,re_rehab,1.0
AL0147,re_rehab,re_rehab,1.0
AL0148,business,business,1.0
AL0149,re_construction,re_construction,1.0
AL0151,business,business,0.5453247680228408
AL0163,re_construction,re_construction,0.7085244346038273
AL0164,re_construction,re_construction,1.0
AL0165,re_rehab,re_rehab,1.0
AL0166,business,business,1.0
AL0167,business,business,1.0
AL0168,re_construction,re_construction,1.0
AL0169,business,business,1.0
AL0170,business,business,1.0
AL0171,business,business,1.0
AL0172,business,business,1.0
AL0173,business,business,1.0
AL0174,business,business,1.0
AR0001,business,business,1.0
AR0002,business,business,1.0
AR0003,re_construction,re_construction,1.0
AR0004,business,business,1.0
AR0005,business,business,1.0
AR0006,re_construction,re_construction,1.0
AR0007,re_construction,re_construction,1.0
AR0008,re_construction,re_construction,1.0
AR0009,business,business,1.0
AR0010,re_construction,re_construction,1.0
AR0011,business,business,1.0
AR0012,business,business,1.0
AR0013,business,business,1.0
AR0015,housing_sf_new,housing_sf_new,1.0
AR0016,business,business,1.0
AR0017,business,business,1.0
AR0018,business,business,1.0
AR0019,business,business,1.0
AR0020,business,business,1.0
AR0021,re_rehab,re_rehab,1.0
AR0022,re_construction,re_construction,1.0
AR0023,re_construction,re_construction,1.0
AR0024,re_construction,re_construction,1.0
AR0025,re_rehab,re_rehab,0.5
AR0026,re_rehab,re_rehab,1.0
AR0027,business,business,1.0
AR0029,business,business,1.0
AR0030,re_construction,re_construction,1.0
AR0031,re_rehab,re_rehab,1.0
AR0032,business,business,1.0
AR0033,business,business,1.0
AR0034,business,business,1.0
AR0035,business,business,0.8902238682949882
AR0036,business,business,1.0
AR0037,business,business,1.0
AR0038,business,business,1.0
AR0039,business,business,1.0
AR0040,business,business,1.0
AR0041,business,business,1.0
AR0042,business,business,1.0
AR0043,business,business,1.0
AR0044,re_construction,re_construction,1.0
AR0045,re_construction,re_construction,1.0
AR0046,business,business,1.0
AR0047,business,business,1.0
AR0048,business,business,1.0
AR0049,business,business,1.0
AR0050,business,business,1.0
AR0051,business,business,1.0
AR0052,business,business,1.0
AR0053,business,business,1.0
AR0054,business,business,1.0
AR0055,business,business,1.0
AR0056,re_construction,re_construction,0.5616438356164384
AR0057,re_construction,re_construction,1.0
AR0058,business,business,1.0
AR0059,business,business,1.0
AR0060,re_rehab,re_rehab,1.0
AR0061,re_rehab,re_rehab,0.624031007751938
AR0062,business,business,1.0
AR0063,business,business,1.0
AR0065,business,business,1.0
AR0066,business,business,1.0
AR0067,re_construction,re_construction,1.0
AR0068,business,business,1.0
AR0069,re_construction,re_construction,1.0
AR0070,business,business,1.0
AR0071,re_rehab,re_rehab,1.0
AR0072,re_construction,re_construction,1.0
AR0073,re_rehab,re_rehab,1.0
AR0074,business,business,1.0
AR0075,business,business,1.0
AR0076,business,business,1.0
AR0077,business,business,1.0
AR0078,re_construction,re_construction,1.0
AR0079,business,business,1.0
AR0080,business,business,1.0
AR0082,business,business,1.0
AR0083,re_rehab,re_rehab,1.0
AR0084,re_construction,re_construction,0.5
AR0085,re_construction,re_construction,0.67982924226254
AR0086,re_construction,re_construction,1.0
AR0087,re_construction,re_construction,0.6711409395973155
AR0088,business,business,1.0
AR0089,re_construction,re_construction,1.0
AR0090,re_construction,re_construction,1.0
AR0091,business,business,1.0
AR0092,re_rehab,re_rehab,1.0
AR0093,business,business,1.0
AR0094,re_construction,re_construction,1.0
AR0095,re_rehab,re_rehab,1.0
AR0096,business,business,1.0
AR0097,business,business,1.0
AR0098,business,business,1.0
AS0001,other,other,1.0
AS0002,business,business,1.0
AZ0001,business,business,1.0
AZ0002,business,business,1.0
AZ0003,re_construction,re_construction,1.0
AZ0004,re_construction,re_construction,1.0
AZ0005,re_construction,re_construction,0.5076461624284073
AZ0006,re_construction,re_construction,1.0
AZ0007,business,business,1.0
AZ0008,other,other,1.0
AZ0009,re_rehab,re_rehab,1.0
AZ0010,re_construction,re_construction,1.0
AZ0012,re_rehab,re_rehab,1.0
AZ0013,housing_mf_new,other_small,1.0
AZ0014,re_construction,re_construction,1.0
AZ0015,re_rehab,re_rehab,1.0
AZ0016,re_rehab,re_rehab,1.0
AZ0017,re_construction,re_construction,1.0
AZ0018,re_construction,re_construction,1.0
AZ0019,re_construction,re_construction,1.0
AZ0021,re_rehab,re_rehab,1.0
AZ0023,re_construction,re_construction,1.0
AZ0024,business,business,1.0
AZ0025,re_construction,re_construction,1.0
AZ0026,re_rehab,re_rehab,1.0
AZ0027,re_rehab,re_rehab,1.0
AZ0029,re_construction,re_construction,1.0
AZ0030,business,business,1.0
AZ0031,business,business,1.0
AZ0032,re_construction,re_construction,1.0
AZ0033,re_rehab,re_rehab,1.0
AZ0035,re_construction,re_construction,1.0
AZ0036,re_rehab,re_rehab,1.0
AZ0037,business,business,1.0
AZ0038,re_construction,re_construction,1.0
AZ0039,re_construction,re_construction,1.0
AZ0040,re_rehab,re_rehab,1.0
AZ0041,re_rehab,re_rehab,1.0
AZ0042,re_construction,re_construction,1.0
AZ0043,re_construction,re_construction,1.0
AZ0044,re_rehab,re_rehab,0.9130434782608695
AZ0046,re_rehab,re_rehab,1.0
AZ0047,re_construction,re_construction,1.0
AZ0048,business,business,1.0
AZ0049,business,business,1.0
AZ0050,re_construction,re_construction,1.0
AZ0051,business,business,0.776940408670655
AZ0053,re_construction,re_construction,1.0
AZ0054,business,business,1.0
AZ0055,business,business,1.0
AZ0056,re_construction,re_construction,1.0
AZ0057,re_construction,re_construction,1.0
AZ0058,business,business,1.0
AZ0059,re_construction,re_construction,1.0
AZ0060,business,business,1.0
AZ0061,re_rehab,re_rehab,1.0
AZ0062,re_construction,re_construction,1.0
AZ0063,business,business,1.0
AZ0064,housing_sf_new,housing_sf_new,1.0
AZ0065,re_construction,re_construction,1.0
AZ0066,re_construction,re_construction,0.5769752358764934
AZ0067,re_construction,re_construction,1.0
AZ0068,housing_sf_new,housing_sf_new,1.0
AZ0069,business,business,1.0
AZ0070,re_construction,re_construction,1.0
AZ0071,re_construction,re_construction,1.0
AZ0072,business,business,1.0
AZ0073,re_construction,re_construction,1.0
AZ0074,business,business,1.0
AZ0075,re_construction,re_construction,1.0
AZ0076,re_construction,re_construction,1.0
AZ0077,business,business,1.0
AZ0078,re_construction,re_construction,1.0
AZ0080,housing_sf_rehab,other_small,1.0
AZ0081,business,business,0.6420899278846154
AZ0082,re_construction,re_construction,1.0
AZ0083,re_construction,re_construction,1.0
AZ0084,re_rehab,re_rehab,0.625
AZ0085,business,business,1.0
AZ0086,re_rehab,re_rehab,1.0
AZ0087,business,business,1.0
AZ0088,re_construction,re_construction,1.0
AZ0089,re_rehab,re_rehab,1.0
AZ0090,re_rehab,re_rehab,1.0
AZ0091,re_rehab,re_rehab,1.0
AZ0092,re_construction,re_construction,1.0
AZ0093,housing_sf_new,housing_sf_new,1.0
AZ0094,business,business,1.0
AZ0095,business,business,1.0
AZ0096,business,business,1.0
AZ0097,re_construction,re_construction,1.0
AZ0098,re_construction,re_construction,1.0
AZ0099,re_construction,re_construction,1.0
AZ0100,re_rehab,re_rehab,1.0
AZ0101,re_rehab,re_rehab,1.0
AZ0102,re_rehab,re_rehab,1.0
AZ0103,re_rehab,re_rehab,1.0
AZ0104,business,business,1.0
AZ0105,other,other,1.0
AZ0106,business,business,1.0
AZ0107,business,business,1.0
AZ0108,business,business,1.0
AZ0109,re_construction,re_construction,1.0
AZ0110,re_construction,re_construction,1.0
AZ0114,re_construction,re_construction,1.0
AZ0115,re_construction,re_construction,0.831947331947332
AZ0119,re_rehab,re_rehab,1.0
AZ0120,business,business,0.5580608793686584
AZ0122,business,business,1.0
AZ0123,re_construction,re_construction,0.7713734733233341
AZ0124,business,business,1.0
AZ0125,business,business,1.0
AZ0130,re_construction,re_construction,1.0
AZ0131,re_construction,re_construction,1.0
CA0001,other,other,0.9503247993886129
CA0002,other,other,1.0
CA0003,business,business,1.0
CA0004,re_construction,re_construction,1.0
CA0005,other,other,1.0
CA0006,other,other,1.0
CA0007,other,other,1.0
CA0008,re_construction,re_construction,1.0
CA0009,other,other,1.0
CA0010,re_construction,re_construction,1.0
CA0011,business,business,1.0
CA0012,business,business,1.0
CA0013,business,business,1.0
CA0014,re_rehab,re_rehab,1.0
CA0015,business,business,1.0
CA0016,business,business,1.0
CA0017,re_construction,re_construction,1.0
CA0018,other,other,1.0
CA0019,re_construction,re_construction,1.0
CA0020,re_construction,re_construction,1.0
CA0021,other,other,1.0
CA0022,re_construction,re_construction,0.6375
CA0023,other,other,1.0
CA0024,business,business,1.0
CA0026,other,other,1.0
CA0027,business,business,1.0
CA0028,re_construction,re_construction,1.0
CA0029,re_construction,re_construction,1.0
CA0030,re_construction,re_construction,1.0
CA0031,other,other,1.0
CA0032,business,business,1.0
CA0033,business,business,1.0
CA0034,business,business,1.0
CA0035,business,business,1.0
CA0036,re_construction,re_construction,0.6613296206056387
CA0038,business,business,1.0
CA0039,re_rehab,re_rehab,1.0
CA0040,re_construction,re_construction,1.0
CA0042,re_construction,re_construction,1.0
CA0043,business,business,1.0
CA0044,business,business,1.0
CA0045,business,business,1.0
CA0046,business,business,1.0
CA0047,business,business,1.0
CA0048,business,business,1.0
CA0049,business,business,1.0
CA0050,re_construction,re_construction,1.0
CA0051,business,business,1.0
CA0053,re_construction,re_construction,1.0
CA0054,re_construction,re_construction,1.0
CA0056,business,business,1.0
CA0057,business,business,1.0
CA0058,business,business,1.0
CA0059,re_construction,re_construction,1.0
CA0060,re_construction,re_construction,1.0
CA0062,business,business,1.0
CA0063,re_construction,re_construction,1.0
CA0066,re_rehab,re_rehab,1.0
CA0067,business,business,1.0
CA0068,business,business,1.0
CA0069,re_construction,re_construction,1.0
CA0070,other,other,1.0
CA0071,housing_mf_new,other_small,1.0
CA0072,business,business,1.0
CA0074,business,business,1.0
CA0076,business,business,1.0
CA0077,business,business,1.0
CA0078,business,business,1.0
CA0079,re_construction,re_construction,1.0
CA0081,business,business,1.0
CA0083,re_construction,re_construction,1.0
CA0084,business,business,1.0
CA0085,business,business,1.0
CA0086,business,business,1.0
CA0087,re_construction,re_construction,1.0
CA0090,business,business,1.0
CA0091,business,business,1.0
CA0092,re_construction,re_construction,1.0
CA0094,business,business,1.0
CA0095,business,business,1.0
CA0096,re_rehab,re_rehab,1.0
CA0097,re_construction,re_construction,1.0
CA0098,other,other,1.0
CA0099,re_construction,re_construction,1.0
CA0101,business,business,1.0
CA0102,re_construction,re_construction,1.0
CA0103,business,business,1.0
CA0105,business,business,1.0
CA0106,re_construction,re_construction,1.0
CA0107,re_construction,re_construction,1.0
CA0109,business,business,1.0
CA0110,business,business,1.0
CA0111,business,business,1.0
CA0112,other,other,1.0
CA0113,business,business,1.0
CA0114,re_rehab,re_rehab,1.0
CA0115,business,business,1.0
CA0116,re_construction,re_construction,1.0
CA0117,re_construction,re_construction,1.0
CA0118,business,business,1.0
CA0119,re_construction,re_construction,1.0
CA0120,re_construction,re_construction,0.8734413967059829
CA0122,re_rehab,re_rehab,0.7423167848699763
CA0124,re_construction,re_construction,1.0
CA0126,business,business,1.0
CA0127,re_construction,re_construction,1.0
CA0128,re_construction,re_construction,1.0
CA0129,re_construction,re_construction,1.0
CA0130,business,business,1.0
CA0131,re_rehab,re_rehab,1.0
CA0132,business,business,1.0
CA0133,business,business,1.0
CA0134,business,business,1.0
CA0135,business,business,1.0
CA0136,re_construction,re_construction,1.0
CA0137,re_construction,re_construction,1.0
CA0138,business,business,1.0
CA0139,business,business,1.0
CA0140,re_construction,re_construction,1.0
CA0141,business,business,1.0
CA0142,business,business,1.0
CA0144,business,business,1.0
CA0145,business,business,1.0
CA0146,re_construction,re_construction,1.0
CA0148,business,business,1.0
CA0149,re_rehab,re_rehab,1.0
CA0150,re_construction,re_construction,1.0
CA0151,re_construction,re_construction,1.0
CA0152,re_construction,re_construction,1.0
CA0153,re_construction,re_construction,1.0
CA0154,business,business,1.0
CA0155,re_construction,re_construction,1.0
CA0158,business,business,1.0
CA0159,business,business,1.0
CA0160,business,business,1.0
CA0161,re_construction,re_construction,1.0
CA0162,business,business,0.8247474172150612
CA0164,re_rehab,re_rehab,1.0
CA0166,re_construction,re_construction,1.0
CA0167,business,business,1.0
CA0168,business,business,1.0
CA0169,business,business,1.0
CA0170,re_rehab,re_rehab,1.0
CA0171,re_construction,re_construction,1.0
CA0172,business,business,1.0
CA0173,business,business,1.0
CA0174,business,business,1.0
CA0175,re_construction,re_construction,1.0
CA0176,business,business,1.0
CA0177,business,business,1.0
CA0178,other,other,1.0
CA0179,re_construction,re_construction,1.0
CA0180,re_construction,re_construction,1.0
CA0181,re_rehab,re_rehab,1.0
CA0182,re_construction,re_construction,1.0
CA0183,business,business,1.0
CA0184,re_construction,re_construction,1.0
CA0185,re_rehab,re_rehab,1.0
CA0186,re_construction,re_construction,1.0
CA0187,business,business,1.0
CA0188,business,business,1.0
CA0189,re_rehab,re_rehab,1.0
CA0191,re_construction,re_construction,1.0
CA0192,microenterprise,other_small,1.0
CA0193,business,business,1.0
CA0194,re_construction,re_construction,1.0
CA0195,business,business,1.0
CA0196,business,business,1.0
CA0197,microenterprise,other_small,1.0
CA0198,business,business,0.506
CA0200,business,business,1.0
CA0201,business,business,1.0
CA0202,microenterprise,other_small,1.0
CA0203,re_rehab,re_rehab,1.0
CA0204,business,business,1.0
CA0205,business,business,1.0
CA0206,re_rehab,re_rehab,1.0
CA0207,business,business,1.0
CA0208,business,business,1.0
CA0209,business,business,1.0
CA0210,business,business,1.0
CA0211,business,business,1.0
CA0212,business,business,1.0
CA0213,housing_sf_new,housing_sf_new,1.0
CA0214,business,business,1.0
CA0216,re_construction,re_construction,1.0
CA0217,business,business,1.0
CA0218,re_construction,re_construction,1.0
CA0221,re_construction,re_construction,1.0
CA0222,re_construction,re_construction,1.0
CA0223,re_construction,re_construction,1.0
CA0224,re_construction,re_construction,1.0
CA0228,re_construction,re_construction,1.0
CA0229,housing_sf_new,housing_sf_new,1.0
CA0230,other,other,1.0
CA0231,business,business,1.0
CA0232,business,business,1.0
CA0233,business,business,1.0
CA0236,business,business,1.0
CA0238,business,business,1.0
CA0239,business,business,1.0
CA0241,business,business,1.0
CA0244,re_construction,re_construction,1.0
CA0245,re_construction,re_construction,1.0
CA0246,business,business,1.0
CA0247,business,business,1.0
CA0249,re_construction,re_construction,0.6237920245154723
CA0251,re_rehab,re_rehab,1.0
CA0252,re_rehab,re_rehab,1.0
CA0253,business,business,1.0
CA0254,re_construction,re_construction,1.0
CA0255,business,business,1.0
CA0256,business,business,1.0
CA0257,re_construction,re_construction,1.0
CA0258,re_construction,re_construction,1.0
CA0259,re_construction,re_construction,1.0
CA0260,re_construction,re_construction,1.0
CA0261,re_construction,re_construction,1.0
CA0262,re_construction,re_construction,1.0
CA0264,re_construction,re_construction,1.0
CA0265,re_construction,re_construction,1.0
CA0267,re_rehab,re_rehab,1.0
CA0268,business,business,1.0
CA0269,business,business,1.0
CA0270,business,business,1.0
CA0272,business,business,1.0
CA0274,business,business,1.0
CA0275,business,business,1.0
CA0276,housing_sf_new,housing_sf_new,1.0
CA0277,business,business,1.0
CA0278,business,business,1.0
CA0280,re_construction,re_construction,0.7110409395601351
CA0281,business,business,1.0
CA0282,re_construction,re_construction,1.0
CA0283,business,business,1.0
CA0284,business,business,1.0
CA0285,business,business,1.0
CA0286,other,other,1.0
CA0287,business,business,1.0
CA0288,other,other,1.0
CA0289,re_construction,re_construction,1.0
CA0290,re_construction,re_construction,0.7303206997084548
CA0291,other,other,1.0
CA0292,business,business,1.0
CA0293,business,business,1.0
CA0294,re_rehab,re_rehab,1.0
CA0296,business,business,1.0
CA0297,business,business,1.0
CA0298,re_construction,re_construction,1.0
CA0299,re_rehab,re_rehab,1.0
CA0300,re_rehab,re_rehab,1.0
CA0303,re_construction,re_construction,1.0
CA0304,re_rehab,re_rehab,1.0
CA0305,re_rehab,re_rehab,1.0
CA0306,re_construction,re_construction,1.0
CA0309,business,business,1.0
CA0310,re_rehab,re_rehab,0.6909569798068481
CA0311,re_construction,re_construction,1.0
CA0312,business,business,1.0
CA0313,re_construction,re_construction,1.0
CA0314,re_rehab,re_rehab,1.0
CA0315,re_construction,re_construction,1.0
CA0316,other,other,1.0
CA0317,business,business,1.0
CA0318,business,business,1.0
CA0319,business,business,1.0
CA0320,business,business,1.0
CA0321,other,other,1.0
CA0322,re_construction,re_construction,1.0
CA0323,business,business,1.0
CA0324,re_rehab,re_rehab,1.0
CA0325,re_rehab,re_rehab,1.0
CA0326,re_construction,re_construction,1.0
CA0328,re_construction,re_construction,1.0
CA0329,business,business,1.0
CA0330,re_rehab,re_rehab,1.0
CA0331,microenterprise,other_small,1.0
CA0332,housing_sf_new,housing_sf_new,1.0
CA0333,re_construction,re_construction,1.0
CA0334,re_rehab,re_rehab,1.0
CA0335,re_rehab,re_rehab,1.0
CA0336,re_rehab,re_rehab,1.0
CA0337,business,business,1.0
CA0338,business,business,1.0
CA0339,business,business,1.0
CA0340,business,business,1.0
CA0341,business,business,1.0
CA0342,business,business,1.0
CA0343,re_construction,re_construction,1.0
CA0344,business,business,1.0
CA0346,re_construction,re_construction,1.0
CA0347,re_construction,re_construction,1.0
CA0349,business,business,1.0
CA0350,business,business,1.0
CA0351,business,business,1.0
CA0354,business,business,1.0
CA0355,housing_sf_new,housing_sf_new,1.0
CA0356,re_construction,re_construction,1.0
CA0357,re_construction,re_construction,1.0
CA0358,re_construction,re_construction,1.0
CA0359,business,business,1.0
CA0360,business,business,1.0
CA0361,business,business,1.0
CA0362,business,business,1.0
CA0363,business,business,1.0
CA0364,re_construction,re_construction,1.0
CA0365,re_rehab,re_rehab,1.0
CA0366,business,business,1.0
CA0367,business,business,1.0
CA0368,re_construction,re_construction,1.0
CA0369,re_construction,re_construction,1.0
CA0370,business,business,1.0
CA0371,re_construction,re_construction,1.0
CA0372,business,business,1.0
CA0373,business,business,1.0
CA0374,re_rehab,re_rehab,1.0
CA0376,re_construction,re_construction,1.0
CA0377,business,business,1.0
CA0378,re_construction,re_construction,1.0
CA0379,business,business,1.0
CA0380,business,business,1.0
CA0381,business,business,1.0
CA0384,business,business,1.0
CA0385,business,business,1.0
CA0386,re_rehab,re_rehab,1.0
CA0388,business,business,1.0
CA0389,re_construction,re_construction,1.0
CA0390,business,business,1.0
CA0391,business,business,1.0
CA0392,re_construction,re_construction,1.0
CA0393,business,business,1.0
CA0394,business,business,1.0
CA0396,business,business,1.0
CA0397,re_construction,re_construction,1.0
CA0400,re_construction,re_construction,1.0
CA0402,re_rehab,re_rehab,1.0
CA0405,business,business,1.0
CA0406,re_construction,re_construction,1.0
CA0407,business,business,1.0
CA0408,re_construction,re_construction,1.0
CA0409,re_construction,re_construction,1.0
CA0410,re_construction,re_construction,1.0
CA0411,business,business,0.8472222169811321
CA0413,re_construction,re_construction,0.7379789051566937
CA0414,re_rehab,re_rehab,1.0
CA0415,business,business,1.0
CA0416,re_rehab,re_rehab,0.8175896010042352
CA0417,re_construction,re_construction,1.0
CA0418,re_rehab,re_rehab,1.0
CA0419,re_rehab,re_rehab,1.0
CA0420,re_rehab,re_rehab,1.0
CA0421,re_rehab,re_rehab,1.0
CA0422,business,business,1.0
CA0423,re_rehab,re_rehab,1.0
CA0424,re_construction,re_construction,1.0
CA0425,re_construction,re_construction,1.0
CA0427,re_construction,re_construction,0.6049382716049383
CA0428,re_rehab,re_rehab,1.0
CA0429,business,business,1.0
CA0430,re_construction,re_construction,0.5998712962703897
CA0431,re_rehab,re_rehab,1.0
CA0432,business,business,1.0
CA0433,re_construction,re_construction,0.8771583900819574
CA0434,re_rehab,re_rehab,0.7280513064403278
CA0435,re_construction,re_construction,1.0
CA0436,re_rehab,re_rehab,1.0
CA0437,re_construction,re_construction,1.0
CA0438,re_construction,re_construction,1.0
CA0439,business,business,1.0
CA0441,business,business,1.0
CA0442,re_construction,re_construction,1.0
CA0443,re_construction,re_construction,1.0
CA0444,business,business,1.0
CA0445,business,business,1.0
CA0446,business,business,1.0
CA0447,business,business,1.0
CA0448,business,business,0.537568491081898
CA0449,re_rehab,re_rehab,1.0
CA0450,re_rehab,re_rehab,1.0
CA0451,re_rehab,re_rehab,1.0
CA0452,re_construction,re_construction,1.0
CA0453,business,business,1.0
CA0454,re_rehab,re_rehab,1.0
CA0455,housing_sf_new,housing_sf_new,1.0
CA0456,re_rehab,re_rehab,0.8729422163296874
CA0457,re_construction,re_construction,1.0
CA0458,re_rehab,re_rehab,1.0
CA0459,business,business,1.0
CA0460,re_rehab,re_rehab,1.0
CA0461,re_rehab,re_rehab,1.0
CA0462,re_construction,re_construction,1.0
CA0463,re_construction,re_construction,1.0
CA0464,re_construction,re_construction,1.0
CA0465,re_construction,re_construction,1.0
CA0466,re_construction,re_construction,1.0
CA0467,business,business,1.0
CA0469,re_rehab,re_rehab,1.0
CA0471,re_construction,re_construction,1.0
CA0472,re_construction,re_construction,1.0
CA0473,business,business,1.0
CA0474,business,business,1.0
CA0475,business,business,1.0
CA0476,business,business,1.0
CA0477,business,business,1.0
CA0479,business,business,1.0
CA0480,re_rehab,re_rehab,1.0
CA0481,re_rehab,re_rehab,1.0
CA0483,business,business,1.0
CA0484,re_rehab,re_rehab,1.0
CA0485,re_construction,re_construction,1.0
CA0486,re_rehab,re_rehab,0.8073770491803278
CA0487,business,business,1.0
CA0488,re_rehab,re_rehab,1.0
CA0489,re_construction,re_construction,1.0
CA0490,re_rehab,re_rehab,0.5061728395061729
CA0491,re_construction,re_construction,0.6299738834740046
CA0492,re_construction,re_construction,1.0
CA0494,re_construction,re_construction,1.0
CA0495,re_construction,re_construction,1.0
CA0496,re_rehab,re_rehab,0.7187060478199718
CA0497,re_rehab,re_rehab,1.0
CA0498,re_rehab,re_rehab,1.0
CA0499,re_rehab,re_rehab,1.0
CA0500,re_construction,re_construction,1.0
CA0501,business,business,0.7335606593787514
CA0502,re_construction,re_construction,1.0
CA0503,re_rehab,re_rehab,0.5
CA0504,re_rehab,re_rehab,1.0
CA0505,re_rehab,re_rehab,1.0
CA0506,business,business,0.6912170145726664
CA0507,re_rehab,re_rehab,1.0
CA0508,re_rehab,re_rehab,1.0
CA0509,re_rehab,re_rehab,1.0
CA0510,re_construction,re_construction,1.0
CA0511,business,business,1.0
CA0512,business,business,0.8007530529199121
CA0513,re_rehab,re_rehab,1.0
CA0514,re_construction,re_construction,1.0
CA0515,business,business,1.0
CA0516,re_construction,re_construction,1.0
CA0517,re_construction,re_construction,1.0
CA0518,re_construction,re_construction,1.0
CA0519,re_construction,re_construction,1.0
CA0520,re_rehab,re_rehab,1.0
CA0521,re_construction,re_construction,1.0
CA0522,re_construction,re_construction,0.8533724340175953
CA0523,re_construction,re_construction,1.0
CA0524,re_construction,re_construction,1.0
CA0525,business,business,1.0
CA0526,re_construction,re_construction,1.0
CA0527,re_construction,re_construction,0.7182320441988951
CA0528,re_rehab,re_rehab,1.0
CA0529,business,business,1.0
CA0530,business,business,1.0
CA0531,business,business,1.0
CA0532,re_construction,re_construction,1.0
CA0533,housing_sf_new,housing_sf_new,1.0
CA0534,other,other,1.0
CA0535,re_construction,re_construction,1.0
CA0536,re_construction,re_construction,1.0
CA0537,re_rehab,re_rehab,1.0
CA0538,re_rehab,re_rehab,1.0
CA0539,re_rehab,re_rehab,1.0
CA0541,re_construction,re_construction,1.0
CA0542,re_construction,re_construction,1.0
CA0543,re_construction,re_construction,1.0
CA0544,re_construction,re_construction,1.0
CA0545,business,business,1.0
CA0546,re_construction,re_construction,1.0
CA0547,re_rehab,re_rehab,1.0
CA0548,re_construction,re_construction,1.0
CA0549,business,business,1.0
CA0550,re_rehab,re_rehab,1.0
CA0551,re_rehab,re_rehab,0.5686274509803921
CA0552,re_rehab,re_rehab,1.0
CA0553,re_construction,re_construction,1.0
CA0554,re_construction,re_construction,1.0
CA0555,re_construction,re_construction,1.0
CA0556,re_rehab,re_rehab,0.5151032440765684
CA0557,re_rehab,re_rehab,1.0
CA0558,re_construction,re_construction,1.0
CA0559,housing_mf_new,other_small,1.0
CA0560,re_construction,re_construction,0.5864978902953587
CA0561,re_rehab,re_rehab,0.9092833383731479
CA0562,re_construction,re_construction,1.0
CA0563,re_construction,re_construction,1.0
CA0564,re_rehab,re_rehab,0.5398260869565218
CA0566,re_rehab,re_rehab,1.0
CA0567,re_rehab,re_rehab,1.0
CA0568,re_construction,re_construction,1.0
CA0569,business,business,1.0
CA0570,re_construction,re_construction,1.0
CA0571,re_construction,re_construction,1.0
CA0572,re_construction,re_construction,1.0
CA0573,re_construction,re_construction,1.0
CA0574,re_rehab,re_rehab,1.0
CA0575,re_construction,re_construction,1.0
CA0576,re_construction,re_construction,1.0
CA0577,re_construction,re_construction,1.0
CA0578,re_construction,re_construction,1.0
CA0579,re_rehab,re_rehab,1.0
CA0580,business,business,1.0
CA0581,business,business,1.0
CA0582,business,business,1.0
CA0583,re_construction,re_construction,0.5262839879154079
CA0584,business,business,1.0
CA0585,re_construction,re_construction,1.0
CA0586,re_rehab,re_rehab,1.0
CA0587,business,business,1.0
CA0588,re_construction,re_construction,0.5306122448979592
CA0590,re_construction,re_construction,1.0
CA0591,re_construction,re_construction,1.0
CA0592,re_construction,re_construction,1.0
CA0593,re_rehab,re_rehab,1.0
CA0594,re_construction,re_construction,1.0
CA0595,re_construction,re_construction,0.5605381165919282
CA0596,re_construction,re_construction,1.0
CA0597,re_construction,re_construction,1.0
CA0598,re_rehab,re_rehab,1.0
CA0599,housing_sf_new,housing_sf_new,1.0
CA0600,housing_sf_new,housing_sf_new,1.0
CA0601,re_construction,re_construction,1.0
CA0602,re_construction,re_construction,1.0
CA0603,business,business,1.0
CA0604,re_rehab,re_rehab,1.0
CA0605,re_construction,re_construction,1.0
CA0606,re_rehab,re_rehab,1.0
CA0607,re_rehab,re_rehab,1.0
CA0608,re_construction,re_construction,1.0
CA0609,re_construction,re_construction,1.0
CA0610,re_construction,re_construction,1.0
CA0611,re_construction,re_construction,1.0
CA0612,re_construction,re_construction,1.0
CA0613,re_construction,re_construction,0.5925155925155925
CA0614,re_construction,re_construction,1.0
CA0615,re_rehab,re_rehab,0.5025641025641026
CA0616,re_rehab,re_rehab,1.0
CA0617,re_rehab,re_rehab,1.0
CA0618,business,business,1.0
CA0619,re_construction,re_construction,1.0
CA0620,re_construction,re_construction,1.0
CA0621,business,business,1.0
CA0622,business,business,1.0
CA0623,re_construction,re_construction,1.0
CA0624,re_construction,re_construction,1.0
CA0625,re_construction,re_construction,1.0
CA0626,re_rehab,re_rehab,1.0
CA0627,other,other,1.0
CA0628,re_construction,re_construction,0.6801631820499745
CA0629,re_rehab,re_rehab,1.0
CA0630,re_construction,re_construction,1.0
CA0631,business,business,1.0
CA0632,re_construction,re_construction,1.0
CA0633,re_rehab,re_rehab,1.0
CA0634,re_construction,re_construction,1.0
CA0635,re_construction,re_construction,1.0
CA0637,re_construction,re_construction,1.0
CA0638,re_rehab,re_rehab,1.0
CA0639,re_construction,re_construction,1.0
CA0640,re_construction,re_construction,1.0
CA0641,business,business,1.0
CA0642,re_construction,re_construction,0.5756122448979591
CA0643,business,business,1.0
CA0644,re_rehab,re_rehab,1.0
CA0645,re_construction,re_construction,1.0
CA0646,re_construction,re_construction,1.0
CA0647,re_construction,re_construction,1.0
CA0648,re_rehab,re_rehab,1.0
CA0649,business,business,1.0
CA0650,re_construction,re_construction,1.0
CA0651,re_rehab,re_rehab,1.0
CA0652,re_construction,re_construction,1.0
CA0653,re_construction,re_construction,0.7310647639956093
CA0655,re_rehab,re_rehab,1.0
CA0656,re_construction,re_construction,1.0
CA0657,re_rehab,re_rehab,1.0
CA0658,re_rehab,re_rehab,1.0
CA0659,business,business,1.0
CA0660,re_construction,re_construction,1.0
CA0661,re_rehab,re_rehab,1.0
CA0662,other,other,0.5
CA0663,re_construction,re_construction,1.0
CA0664,re_construction,re_construction,1.0
CA0665,re_construction,re_construction,1.0
CA0666,re_rehab,re_rehab,1.0
CA0667,re_construction,re_construction,1.0
CA0668,other,other,1.0
CA0669,re_construction,re_construction,1.0
CA0670,re_construction,re_construction,1.0
CA0672,re_construction,re_construction,1.0
CA0673,re_construction,re_construction,1.0
CA0674,re_construction,re_construction,1.0
CA0675,re_construction,re_construction,1.0
CA0676,re_construction,re_construction,1.0
CA0677,re_construction,re_construction,1.0
CA0678,business,business,1.0
CA0679,re_construction,re_construction,1.0
CA0680,re_construction,re_construction,0.830653438248375
CA0681,re_construction,re_construction,1.0
CA0682,re_construction,re_construction,1.0
CA0683,re_construction,re_construction,1.0
CA0685,re_rehab,re_rehab,1.0
CA0686,re_construction,re_construction,1.0
CA0687,re_rehab,re_rehab,1.0
CA0688,re_construction,re_construction,1.0
CA0689,re_rehab,re_rehab,1.0
CA0690,re_construction,re_construction,1.0
CA0691,re_rehab,re_rehab,0.7328656233135457
CA0692,re_rehab,re_rehab,1.0
CA0693,re_construction,re_construction,1.0
CA0694,business,business,0.8171846435100548
CA0695,business,business,1.0
CA0696,re_rehab,re_rehab,1.0
CA0697,business,business,1.0
CA0698,business,business,1.0
CA0699,business,business,1.0
CA0700,re_rehab,re_rehab,1.0
CA0701,re_rehab,re_rehab,1.0
CA0702,re_rehab,re_rehab,1.0
CA0703,re_rehab,re_rehab,1.0
CA0704,re_construction,re_construction,1.0
CA0707,business,business,1.0
CA0709,business,business,1.0
CA0710,housing_sf_new,housing_sf_new,1.0
CA0713,re_construction,re_construction,1.0
CA0716,re_construction,re_construction,1.0
CA0717,re_construction,re_construction,1.0
CA0720,re_construction,re_construction,1.0
CA0728,re_construction,re_construction,1.0
CA0729,business,business,1.0
CA0730,business,business,0.8891044293566117
CA0731,business,business,1.0
CA0732,business,business,1.0
CA0733,other,other,1.0
CA0734,re_construction,re_construction,0.7967479674796748
CA0735,business,business,1.0
CA0736,re_rehab,re_rehab,1.0
CA0737,business,business,1.0
CO0001,business,business,1.0
CO0002,re_construction,re_construction,1.0
CO0003,re_construction,re_construction,1.0
CO0004,re_rehab,re_rehab,1.0
CO0005,business,business,1.0
CO0006,business,business,1.0
CO0007,business,business,1.0
CO0008,business,business,1.0
CO0009,business,business,1.0
CO0010,re_construction,re_construction,1.0
CO0011,business,business,1.0
CO0012,re_rehab,re_rehab,1.0
CO0013,business,business,1.0
CO0014,re_construction,re_construction,1.0
CO0015,business,business,1.0
CO0016,business,business,1.0
CO0019,re_construction,re_construction,1.0
CO0020,business,business,1.0
CO0021,business,business,1.0
CO0022,business,business,1.0
CO0023,business,business,1.0
CO0024,re_rehab,re_rehab,1.0
CO0025,re_rehab,re_rehab,1.0
CO0026,business,business,1.0
CO0028,business,business,1.0
CO0029,other,other,1.0
CO0030,business,business,1.0
CO0031,re_rehab,re_rehab,1.0
CO0032,business,business,1.0
CO0033,re_construction,re_construction,1.0
CO0034,re_rehab,re_rehab,1.0
CO0035,business,business,1.0
CO0036,other,other,0.5056330923154532
CO0037,business,business,1.0
CO0038,business,business,1.0
CO0039,re_rehab,re_rehab,1.0
CO0040,re_construction,re_construction,1.0
CO0041,business,business,1.0
CO0042,business,business,1.0
CO0043,re_construction,re_construction,1.0
CO0044,business,business,1.0
CO0045,business,business,1.0
CO0046,re_rehab,re_rehab,1.0
CO0050,business,business,1.0
CO0051,business,business,1.0
CO0052,re_rehab,re_rehab,1.0
CO0053,re_construction,re_construction,1.0
CO0054,business,business,1.0
CO0055,business,business,1.0
CO0056,re_construction,re_construction,0.7302101600630733
CO0057,re_rehab,re_rehab,1.0
CO0058,business,business,1.0
CO0059,other,other,1.0
CO0060,re_rehab,re_rehab,1.0
CO0061,re_rehab,re_rehab,1.0
CO0062,business,business,1.0
CO0063,business,business,1.0
CO0064,re_construction,re_construction,1.0
CO0065,business,business,1.0
CO0066,business,business,1.0
CO0067,business,business,1.0
CO0068,re_construction,re_construction,1.0
CO0070,business,business,1.0
CO0071,business,business,1.0
CO0072,business,business,1.0
CO0073,business,business,1.0
CO0074,business,business,1.0
CO0075,re_construction,re_construction,1.0
CO0076,business,business,1.0
CO0077,re_construction,re_construction,1.0
CO0078,business,business,1.0
CO0080,re_rehab,re_rehab,1.0
CO0081,business,business,1.0
CO0082,business,business,1.0
CO0083,re_construction,re_construction,1.0
CO0085,other,other,1.0
CO0086,housing_sf_new,housing_sf_new,1.0
CO0087,business,business,1.0
CO0088,business,business,1.0
CO0089,re_construction,re_construction,0.5071599045346062
CO0090,business,business,1.0
CO0092,re_rehab,re_rehab,1.0
CO0093,business,business,1.0
CO0094,re_construction,re_construction,1.0
CO0095,business,business,1.0
CO0096,business,business,1.0
CO0097,re_construction,re_construction,0.7375967104907212
CO0098,re_rehab,re_rehab,0.7461928934010152
CO0099,re_construction,re_construction,1.0
CO0100,re_rehab,re_rehab,1.0
CO0101,re_construction,re_construction,1.0
CO0102,business,business,1.0
CO0103,business,business,1.0
CO0104,re_construction,re_construction,0.8292141951837769
CO0105,re_construction,re_construction,1.0
CO0106,business,business,1.0
CO0107,business,business,1.0
CO0108,re_construction,re_construction,1.0
CO0109,housing_sf_new,housing_sf_new,1.0
CO0110,re_construction,re_construction,1.0
CO0111,re_rehab,re_rehab,1.0
CO0112,business,business,1.0
CO0113,business,business,1.0
CO0114,business,business,1.0
CO0115,business,business,1.0
CO0116,business,business,1.0
CO0117,business,business,1.0
CO0118,business,business,1.0
CO0119,re_construction,re_construction,0.5182401061242539
CO0120,re_rehab,re_rehab,1.0
CO0121,business,business,0.9077110184109467
CO0122,business,business,1.0
CO0123,business,business,1.0
CO0124,business,business,1.0
CO0125,re_construction,re_construction,1.0
CO0126,re_construction,re_construction,0.7529940119760479
CO0127,business,business,1.0
CO0128,re_construction,re_construction,1.0
CO0129,re_construction,re_construction,1.0
CO0130,re_construction,re_construction,1.0
CO0131,re_construction,re_construction,1.0
CO0132,business,business,1.0
CO0133,re_rehab,re_rehab,1.0
CO0134,business,business,1.0
CO0135,re_construction,re_construction,1.0
CO0136,business,business,1.0
CO0137,business,business,1.0
CO0138,re_construction,re_construction,1.0
CO0139,business,business,1.0
CO0140,re_construction,re_construction,1.0
CO0141,re_construction,re_construction,1.0
CO0142,re_construction,re_construction,1.0
CO0143,re_rehab,re_rehab,1.0
CO0144,business,business,1.0
CO0145,business,business,1.0
CO0146,business,business,1.0
CT0001,re_rehab,re_rehab,1.0
CT0004,re_construction,re_construction,1.0
CT0005,re_rehab,re_rehab,1.0
CT0006,re_construction,re_construction,1.0
CT0007,business,business,1.0
CT0008,re_rehab,re_rehab,1.0
CT0010,re_rehab,re_rehab,1.0
CT0011,re_construction,re_construction,0.9269557324840765
CT0012,re_rehab,re_rehab,1.0
CT0013,re_construction,re_construction,1.0
CT0014,re_construction,re_construction,1.0
CT0015,business,business,1.0
CT0016,re_rehab,re_rehab,1.0
CT0017,re_construction,re_construction,1.0
CT0018,re_construction,re_construction,1.0
CT0019,re_construction,re_construction,1.0
CT0020,housing_sf_new,housing_sf_new,1.0
CT0021,business,business,1.0
CT0022,re_construction,re_construction,1.0
CT0024,business,business,1.0
CT0025,re_construction,re_construction,1.0
CT0026,business,business,1.0
CT0028,re_construction,re_construction,1.0
CT0029,re_construction,re_construction,1.0
CT0030,housing_sf_rehab,other_small,1.0
CT0031,re_construction,re_construction,1.0
CT0032,re_rehab,re_rehab,1.0
CT0033,re_construction,re_construction,1.0
CT0034,re_rehab,re_rehab,0.5625
CT0035,re_construction,re_construction,1.0
CT0036,re_construction,re_construction,0.8367080339647289
CT0037,re_rehab,re_rehab,1.0
CT0038,re_rehab,re_rehab,1.0
CT0039,re_rehab,re_rehab,1.0
CT0040,re_construction,re_construction,1.0
CT0041,re_construction,re_construction,1.0
DC0001,re_rehab,re_rehab,1.0
DC0002,re_rehab,re_rehab,1.0
DC0003,re_rehab,re_rehab,1.0
DC0004,re_construction,re_construction,1.0
DC0005,re_construction,re_construction,1.0
DC0006,re_construction,re_construction,1.0
DC0007,housing_mf_new,other_small,1.0
DC0008,re_rehab,re_rehab,1.0
DC0009,re_rehab,re_rehab,1.0
DC0010,other,other,1.0
DC0011,business,business,1.0
DC0012,business,business,1.0
DC0013,re_rehab,re_rehab,0.5231336928753902
DC0016,business,business,1.0
DC0018,re_construction,re_construction,1.0
DC0020,re_rehab,re_rehab,1.0
DC0021,re_rehab,re_rehab,1.0
DC0022,re_rehab,re_rehab,1.0
DC0024,housing_mf_new,other_small,1.0
DC0025,housing_sf_new,housing_sf_new,1.0
DC0027,re_construction,re_construction,1.0
DC0028,business,business,1.0
DC0029,housing_mf_rehab,other_small,1.0
DC0030,business,business,1.0
DC0032,housing_sf_rehab,other_small,0.5591836734693878
DC0033,re_rehab,re_rehab,1.0
DC0034,re_construction,re_construction,1.0
DC0035,re_rehab,re_rehab,0.7480314960629921
DC0036,re_construction,re_construction,1.0
DC0037,re_rehab,re_rehab,1.0
DC0038,business,business,1.0
DC0039,re_construction,re_construction,1.0
DC0040,re_construction,re_construction,1.0
DC0041,re_rehab,re_rehab,1.0
DC0042,business,business,1.0
DC0043,re_rehab,re_rehab,1.0
DC0044,re_rehab,re_rehab,1.0
DC0045,re_construction,re_construction,1.0
DC0046,re_construction,re_construction,0.7726859428987088
DC0047,re_construction,re_construction,1.0
DC0048,re_construction,re_construction,1.0
DC0050,re_construction,re_construction,1.0
DC0051,business,business,1.0
DC0052,housing_mf_new,other_small,1.0
DC0053,re_construction,re_construction,1.0
DC0054,re_construction,re_construction,1.0
DC0055,re_construction,re_construction,1.0
DC0056,other,other,1.0
DC0057,re_rehab,re_rehab,1.0
DC0058,re_construction,re_construction,1.0
DC0059,re_rehab,re_rehab,1.0
DC0060,re_rehab,re_rehab,1.0
DC0061,re_rehab,re_rehab,1.0
DC0062,re_construction,re_construction,0.5704755880154121
DC0063,re_construction,re_construction,0.770293609671848
DC0064,re_construction,re_construction,0.6598639455782312
DC0065,re_construction,re_construction,0.7544901675348588
DC0066,business,business,1.0
DC0067,re_construction,re_construction,1.0
DC0068,re_construction,re_construction,1.0
DC0071,re_construction,re_construction,1.0
DC0072,housing_mf_new,other_small,0.5946053832003763
DC0073,re_construction,re_construction,1.0
DC0074,re_construction,re_construction,1.0
DC0075,re_rehab,re_rehab,1.0
DC0076,re_construction,re_construction,1.0
DC0077,re_construction,re_construction,1.0
DC0078,re_construction,re_construction,1.0
DC0080,re_rehab,re_rehab,1.0
DC0081,re_rehab,re_rehab,0.5025641025641026
DC0082,re_construction,re_construction,1.0
DC0083,re_construction,re_construction,1.0
DC0084,re_rehab,re_rehab,1.0
DC0085,re_construction,re_construction,1.0
DC0086,re_construction,re_construction,1.0
DC0087,re_rehab,re_rehab,0.6588398474265617
DC0088,re_construction,re_construction,1.0
DC0090,re_construction,re_construction,1.0
DC0091,re_construction,re_construction,1.0
DC0092,re_construction,re_construction,0.7214013346043852
DC0093,re_construction,re_construction,1.0
DC0094,re_construction,re_construction,0.5675675675675675
DE0001,other,other,1.0
DE0002,re_construction,re_construction,1.0
DE0003,re_rehab,re_rehab,1.0
DE0004,re_construction,re_construction,1.0
DE0005,re_rehab,re_rehab,1.0
DE0006,re_rehab,re_rehab,1.0
DE0007,re_rehab,re_rehab,0.7770193401592719
DE0010,business,business,1.0
DE0011,re_rehab,re_rehab,1.0
DE0012,re_rehab,re_rehab,0.6333333333333333
DE0013,re_rehab,re_rehab,1.0
DE0014,business,business,1.0
DE0015,re_construction,re_construction,1.0
DE0016,re_construction,re_construction,0.5918367346938775
FL0001,re_construction,re_construction,1.0
FL0002,re_construction,re_construction,1.0
FL0003,re_construction,re_construction,1.0
FL0004,business,business,1.0
FL0005,business,business,1.0
FL0006,business,business,1.0
FL0007,business,business,1.0
FL0008,re_rehab,re_rehab,1.0
FL0010,business,business,0.8698047070605909
FL0011,re_construction,re_construction,1.0
FL0012,business,business,1.0
FL0013,business,business,1.0
FL0014,re_rehab,re_rehab,1.0
FL0015,business,business,1.0
FL0016,re_construction,re_construction,1.0
FL0017,business,business,1.0
FL0018,business,business,1.0
FL0019,business,business,1.0
FL0021,business,business,1.0
FL0022,re_construction,re_construction,1.0
FL0023,business,business,1.0
FL0024,re_rehab,re_rehab,1.0
FL0025,re_rehab,re_rehab,1.0
FL0026,business,business,1.0
FL0027,re_construction,re_construction,1.0
FL0028,business,business,1.0
FL0030,business,business,1.0
FL0032,re_construction,re_construction,1.0
FL0033,business,business,1.0
FL0034,re_rehab,re_rehab,1.0
FL0035,business,business,1.0
FL0036,re_construction,re_construction,1.0
FL0037,other,other,1.0
FL0038,re_rehab,re_rehab,0.8672566371681416
FL0039,business,business,1.0
FL0040,re_construction,re_construction,1.0
FL0041,re_rehab,re_rehab,1.0
FL0042,re_construction,re_construction,1.0
FL0043,re_construction,re_construction,1.0
FL0044,business,business,1.0
FL0046,re_construction,re_construction,1.0
FL0047,business,business,1.0
FL0048,business,business,1.0
FL0049,business,business,1.0
FL0050,re_construction,re_construction,1.0
FL0051,business,business,1.0
FL0052,business,business,1.0
FL0053,business,business,1.0
FL0055,housing_sf_new,housing_sf_new,1.0
FL0056,business,business,1.0
FL0057,re_construction,re_construction,1.0
FL0058,housing_sf_new,housing_sf_new,1.0
FL0059,re_construction,re_construction,0.7916666666666666
FL0060,business,business,1.0
FL0061,business,business,1.0
FL0062,business,business,1.0
FL0063,business,business,1.0
FL0064,business,business,1.0
FL0065,business,business,0.525
FL0066,business,business,1.0
FL0067,business,business,1.0
FL0068,business,business,1.0
FL0069,business,business,1.0
FL0070,re_construction,re_construction,1.0
FL0071,business,business,0.5485087418580734
FL0072,re_construction,re_construction,1.0
FL0073,business,business,1.0
FL0074,business,business,1.0
FL0075,business,business,1.0
FL0076,re_rehab,re_rehab,1.0
FL0077,business,business,1.0
FL0078,re_rehab,re_rehab,1.0
FL0079,re_construction,re_construction,1.0
FL0080,business,business,1.0
FL0081,business,business,1.0
FL0082,business,business,1.0
FL0083,business,business,1.0
FL0084,business,business,1.0
FL0085,re_construction,re_construction,1.0
FL0086,re_construction,re_construction,1.0
FL0087,re_rehab,re_rehab,1.0
FL0088,business,business,1.0
FL0089,re_construction,re_construction,1.0
FL0090,business,business,1.0
FL0091,re_rehab,re_rehab,1.0
FL0092,business,business,1.0
FL0093,re_construction,re_construction,1.0
FL0094,re_rehab,re_rehab,1.0
FL0095,business,business,1.0
FL0096,re_rehab,re_rehab,0.7165120194891269
FL0097,business,business,1.0
FL0098,re_construction,re_construction,1.0
FL0099,business,business,1.0
FL0100,business,business,1.0
FL0101,business,business,1.0
FL0102,re_construction,re_construction,1.0
FL0103,business,business,1.0
FL0104,re_rehab,re_rehab,1.0
FL0105,re_construction,re_construction,1.0
FL0106,business,business,1.0
FL0107,re_construction,re_construction,0.6775233795549823
FL0108,re_rehab,re_rehab,0.8064516129032258
FL0109,business,business,1.0
FL0110,re_rehab,re_rehab,0.7656967840735069
FL0111,business,business,1.0
FL0112,re_construction,re_construction,1.0
FL0113,business,business,1.0
FL0114,business,business,1.0
FL0115,business,business,1.0
FL0116,business,business,1.0
FL0117,business,business,1.0
FL0118,re_construction,re_construction,1.0
FL0119,re_rehab,re_rehab,1.0
FL0120,business,business,1.0
FL0121,re_rehab,re_rehab,1.0
FL0122,business,business,1.0
FL0123,business,business,1.0
FL0124,business,business,1.0
FL0125,business,business,1.0
FL0126,re_construction,re_construction,1.0
FL0127,re_construction,re_construction,1.0
FL0129,re_construction,re_construction,1.0
FL0130,business,business,1.0
FL0131,re_construction,re_construction,1.0
FL0132,re_construction,re_construction,1.0
FL0133,business,business,1.0
FL0134,business,business,1.0
FL0135,re_construction,re_construction,1.0
FL0136,re_construction,re_construction,0.8125
FL0137,re_construction,re_construction,1.0
FL0138,business,business,1.0
FL0139,re_construction,re_construction,1.0
FL0140,re_construction,re_construction,1.0
FL0141,re_construction,re_construction,1.0
FL0142,housing_sf_new,housing_sf_new,1.0
FL0143,re_rehab,re_rehab,1.0
FL0144,re_rehab,re_rehab,1.0
FL0145,re_construction,re_construction,1.0
FL0146,re_rehab,re_rehab,1.0
FL0147,re_rehab,re_rehab,1.0
FL0148,re_construction,re_construction,1.0
FL0149,re_construction,re_construction,0.7967479674796748
FL0150,business,business,1.0
FL0151,re_rehab,re_rehab,1.0
FL0152,business,business,1.0
FL0153,re_construction,re_construction,1.0
FL0154,re_rehab,re_rehab,1.0
FL0155,re_rehab,re_rehab,1.0
FL0156,re_rehab,re_rehab,1.0
FL0157,re_construction,re_construction,1.0
FL0158,business,business,1.0
FL0159,business,business,1.0
FL0160,re_construction,re_construction,0.6598639455782312
FL0161,business,business,1.0
FL0162,business,business,1.0
FL0163,business,business,1.0
FL0164,re_construction,re_construction,0.7023809523809523
FL0165,re_rehab,re_rehab,1.0
FL0166,re_construction,re_construction,1.0
FL0167,re_construction,re_construction,1.0
FL0168,housing_sf_new,housing_sf_new,1.0
FL0169,re_construction,re_construction,1.0
FL0170,business,business,1.0
FL0171,re_rehab,re_rehab,1.0
FL0172,re_rehab,re_rehab,1.0
FL0173,re_rehab,re_rehab,1.0
FL0174,re_construction,re_construction,1.0
FL0175,re_rehab,re_rehab,1.0
FL0176,re_construction,re_construction,0.8242015821857603
FL0177,housing_sf_new,housing_sf_new,1.0
FL0178,re_construction,re_construction,1.0
FL0179,re_construction,re_construction,1.0
FL0180,re_construction,re_construction,1.0
FL0181,business,business,1.0
FL0182,re_rehab,re_rehab,1.0
FL0183,business,business,1.0
FL0184,business,business,1.0
FL0185,business,business,1.0
FL0186,business,business,1.0
FL0187,business,business,1.0
FL0188,business,business,1.0
FL0189,business,business,1.0
FL0190,re_construction,re_construction,1.0
FL0191,re_construction,re_construction,1.0
FL0192,re_construction,re_construction,1.0
FL0193,housing_sf_new,housing_sf_new,1.0
FL0194,business,business,1.0
FL0195,re_construction,re_construction,1.0
FL0196,re_rehab,re_rehab,1.0
FL0197,re_construction,re_construction,1.0
FL0198,re_construction,re_construction,1.0
FL0199,business,business,1.0
FL0200,re_construction,re_construction,1.0
FL0201,re_rehab,re_rehab,0.5245098039215687
FL0202,business,business,1.0
FL0203,re_rehab,re_rehab,1.0
FL0204,re_construction,re_construction,1.0
FL0205,business,business,1.0
FL0206,housing_sf_new,housing_sf_new,1.0
FL0207,business,business,1.0
FL0208,business,business,1.0
FL0209,business,business,1.0
FL0210,business,business,1.0
FL0212,re_construction,re_construction,1.0
FL0213,re_rehab,re_rehab,1.0
FL0214,re_construction,re_construction,1.0
FL0215,business,business,1.0
FL0216,re_construction,re_construction,1.0
FL0217,re_rehab,re_rehab,1.0
FL0218,re_construction,re_construction,1.0
FL0219,re_construction,re_construction,1.0
FL0220,re_rehab,re_rehab,0.5388272583201268
FL0221,re_construction,re_construction,1.0
FL0222,business,business,1.0
FL0223,re_rehab,re_rehab,1.0
FL0224,re_rehab,re_rehab,1.0
FL0225,re_rehab,re_rehab,1.0
FL0226,re_construction,re_construction,1.0
FL0227,re_construction,re_construction,1.0
FL0228,business,business,0.7079856972586412
FL0229,business,business,1.0
FL0230,re_construction,re_construction,1.0
FL0231,re_construction,re_construction,1.0
FL0232,re_construction,re_construction,1.0
FL0233,business,business,1.0
FL0234,re_rehab,re_rehab,1.0
FL0235,business,business,1.0
FL0236,re_construction,re_construction,1.0
FL0237,re_rehab,re_rehab,1.0
FL0238,business,business,1.0
FL0239,re_construction,re_construction,1.0
FL0240,business,business,1.0
FL0241,re_construction,re_construction,0.5975855130784709
FL0243,re_construction,re_construction,1.0
FL0244,re_rehab,re_rehab,1.0
FL0245,housing_sf_new,housing_sf_new,1.0
FL0246,housing_sf_new,housing_sf_new,1.0
FL0247,business,business,1.0
FL0248,business,business,1.0
FL0249,business,business,1.0
GA0002,re_construction,re_construction,1.0
GA0004,re_rehab,re_rehab,1.0
GA0006,business,business,0.7407407407407407
GA0007,re_rehab,re_rehab,1.0
GA0008,re_construction,re_construction,0.7732448617492315
GA0009,business,business,1.0
GA0010,business,business,1.0
GA0011,re_rehab,re_rehab,1.0
GA0012,re_construction,re_construction,1.0
GA0013,re_rehab,re_rehab,1.0
GA0016,business,business,1.0
GA0017,business,business,1.0
GA0018,business,business,1.0
GA0019,business,business,1.0
GA0020,re_rehab,re_rehab,1.0
GA0021,business,business,1.0
GA0023,business,business,1.0
GA0024,business,business,1.0
GA0025,business,business,1.0
GA0026,re_construction,re_construction,1.0
GA0027,re_rehab,re_rehab,1.0
GA0028,re_construction,re_construction,1.0
GA0029,re_construction,re_construction,1.0
GA0030,business,business,1.0
GA0031,business,business,1.0
GA0032,business,business,1.0
GA0033,re_rehab,re_rehab,1.0
GA0034,business,business,1.0
GA0035,business,business,1.0
GA0036,business,business,1.0
GA0037,business,business,1.0
GA0038,business,business,1.0
GA0039,housing_sf_new,housing_sf_new,1.0
GA0040,re_construction,re_construction,1.0
GA0041,re_rehab,re_rehab,1.0
GA0042,business,business,1.0
GA0043,business,business,1.0
GA0044,re_construction,re_construction,1.0
GA0045,business,business,1.0
GA0046,re_construction,re_construction,1.0
GA0047,business,business,1.0
GA0048,re_rehab,re_rehab,1.0
GA0049,re_construction,re_construction,1.0
GA0050,re_construction,re_construction,0.8665826196583054
GA0051,business,business,1.0
GA0052,re_construction,re_construction,1.0
GA0053,business,business,1.0
GA0054,re_construction,re_construction,1.0
GA0055,re_rehab,re_rehab,1.0
GA0056,re_rehab,re_rehab,1.0
GA0057,re_rehab,re_rehab,1.0
GA0058,business,business,1.0
GA0059,business,business,1.0
GA0060,re_rehab,re_rehab,1.0
GA0061,re_construction,re_construction,1.0
GA0062,business,business,1.0
GA0063,re_construction,re_construction,1.0
GA0064,re_construction,re_construction,0.813849590469099
GA0065,business,business,0.44115161998987035
GA0066,re_construction,re_construction,1.0
GA0067,business,business,1.0
GA0068,business,business,1.0
GA0069,business,business,1.0
GA0070,re_construction,re_construction,1.0
GA0071,re_rehab,re_rehab,1.0
GA0072,business,business,1.0
GA0073,re_rehab,re_rehab,1.0
GA0074,business,business,1.0
GA0075,re_construction,re_construction,0.8986693961105425
GA0076,business,business,1.0
GA0078,business,business,1.0
GA0079,re_rehab,re_rehab,1.0
GA0080,business,business,1.0
GA0081,re_construction,re_construction,1.0
GA0082,re_rehab,re_rehab,1.0
GA0084,business,business,1.0
GA0085,re_rehab,re_rehab,0.5947223316266247
GA0086,business,business,1.0
GA0087,re_rehab,re_rehab,1.0
GA0088,housing_sf_new,housing_sf_new,1.0
GA0089,re_construction,re_construction,1.0
GA0090,re_construction,re_construction,1.0
GA0091,re_construction,re_construction,1.0
GA0092,re_rehab,re_rehab,1.0
GA0093,housing_sf_new,housing_sf_new,1.0
GA0094,re_construction,re_construction,1.0
GA0095,re_construction,re_construction,1.0
GA0096,re_construction,re_construction,0.5076142131979695
GA0097,re_construction,re_construction,1.0
GA0098,re_rehab,re_rehab,1.0
GA0099,business,business,1.0
GA0100,business,business,1.0
GA0101,business,business,1.0
GA0102,business,business,0.5308310991957105
GA0103,business,business,1.0
GA0104,business,business,1.0
GA0105,re_construction,re_construction,1.0
GA0106,re_construction,re_construction,1.0
GA0107,re_construction,re_construction,1.0
GA0108,business,business,0.7301640504772839
GA0109,re_construction,re_construction,1.0
GA0110,re_construction,re_construction,0.5450236966824644
GA0111,business,business,0.5967078189300411
GA0112,business,business,0.7503152585119798
GA0113,business,business,1.0
GA0114,re_rehab,re_rehab,1.0
GA0115,re_construction,re_construction,1.0
GA0116,re_construction,re_construction,1.0
GA0117,re_construction,re_construction,1.0
GA0118,re_construction,re_construction,1.0
GA0119,business,business,1.0
GA0120,re_rehab,re_rehab,1.0
GA0121,re_rehab,re_rehab,1.0
GA0122,re_construction,re_construction,1.0
GA0124,business,business,0.6134585289514867
GA0125,re_rehab,re_rehab,1.0
GA0126,re_construction,re_construction,0.82824594713013
GA0127,re_construction,re_construction,1.0
GA0128,re_construction,re_construction,0.822380106571936
GA0129,re_construction,re_construction,0.6232114467408585
GA0130,business,business,1.0
GA0131,housing_sf_new,housing_sf_new,1.0
GA0132,re_rehab,re_rehab,1.0
GA0133,business,business,0.7292616226071102
GA0134,re_rehab,re_rehab,1.0
GA0135,business,business,1.0
GA0136,business,business,1.0
GA0137,re_construction,re_construction,1.0
GA0138,other,other,1.0
GA0139,business,business,1.0
GA0140,re_rehab,re_rehab,0.7201492537313433
GA0141,business,business,0.518082788671024
GA0143,housing_sf_new,housing_sf_new,1.0
GA0144,re_construction,re_construction,1.0
GA0145,re_rehab,re_rehab,0.7997936016511867
GA0146,housing_sf_rehab,other_small,1.0
GA0147,re_construction,re_construction,1.0
GA0148,re_construction,re_construction,1.0
GA0149,re_rehab,re_rehab,1.0
GA0150,housing_sf_new,housing_sf_new,1.0
GA0151,business,business,1.0
GA0152,re_construction,re_construction,1.0
GA0153,re_construction,re_construction,0.7335553705245629
GA0154,business,business,1.0
GA0155,re_rehab,re_rehab,1.0
GA0162,re_rehab,re_rehab,1.0
GA0163,business,business,1.0
GA0164,business,business,1.0
GA0165,business,business,1.0
GA0166,re_construction,re_construction,1.0
GU0001,re_construction,re_construction,1.0
GU0002,re_construction,re_construction,1.0
HI0001,business,business,1.0
HI0002,business,business,1.0
HI0003,business,business,1.0
HI0004,re_construction,re_construction,1.0
HI0005,business,business,1.0
HI0006,re_construction,re_construction,1.0
HI0007,business,business,1.0
HI0008,re_construction,re_construction,0.9085574944753486
HI0009,re_construction,re_construction,1.0
HI0010,housing_sf_new,housing_sf_new,1.0
HI0011,re_construction,re_construction,1.0
HI0012,re_construction,re_construction,1.0
HI0013,re_construction,re_construction,1.0
HI0014,business,business,1.0
HI0015,business,business,1.0
HI0016,business,business,1.0
HI0017,business,business,1.0
IA0001,business,business,1.0
IA0002,business,business,1.0
IA0003,re_rehab,re_rehab,1.0
IA0004,re_rehab,re_rehab,1.0
IA0005,re_construction,re_construction,1.0
IA0007,business,business,0.7147842096413718
IA0009,housing_mf_rehab,other_small,1.0
IA0010,re_construction,re_construction,1.0
IA0011,re_rehab,re_rehab,0.5
IA0012,re_construction,re_construction,1.0
IA0013,re_rehab,re_rehab,0.5024214810942503
IA0014,re_rehab,re_rehab,1.0
IA0016,business,business,1.0
IA0017,business,business,0.8962264150943396
IA0020,re_rehab,re_rehab,1.0
IA0021,re_rehab,re_rehab,1.0
IA0023,re_rehab,re_rehab,1.0
IA0024,business,business,1.0
IA0025,business,business,1.0
IA0026,business,business,1.0
IA0029,housing_sf_new,housing_sf_new,1.0
IA0030,business,business,1.0
IA0031,business,business,1.0
IA0034,housing_sf_new,housing_sf_new,1.0
IA0035,housing_sf_new,housing_sf_new,1.0
IA0036,housing_sf_new,housing_sf_new,1.0
IA0037,business,business,1.0
IA0038,business,business,1.0
IA0039,housing_sf_new,housing_sf_new,1.0
IA0040,housing_sf_new,housing_sf_new,1.0
IA0041,re_rehab,re_rehab,1.0
IA0042,re_construction,re_construction,1.0
IA0043,re_construction,re_construction,1.0
IA0044,re_rehab,re_rehab,1.0
IA0045,re_construction,re_construction,1.0
IA0046,re_rehab,re_rehab,1.0
IA0048,business,business,1.0
IA0049,re_construction,re_construction,1.0
IA0053,business,business,1.0
IA0054,re_rehab,re_rehab,1.0
IA0055,re_rehab,re_rehab,1.0
IA0056,business,business,1.0
IA0057,re_construction,re_construction,1.0
IA0058,business,business,1.0
IA0059,business,business,0.5397042420753427
IA0060,re_rehab,re_rehab,1.0
IA0061,re_construction,re_construction,1.0
IA0062,business,business,1.0
IA0063,re_rehab,re_rehab,1.0
IA0064,re_rehab,re_rehab,1.0
IA0065,re_rehab,re_rehab,1.0
IA0066,re_rehab,re_rehab,1.0
IA0067,re_construction,re_construction,1.0
IA0068,re_construction,re_construction,1.0
IA0069,re_construction,re_construction,1.0
IA0070,re_rehab,re_rehab,1.0
IA0071,re_construction,re_construction,1.0
IA0072,re_rehab,re_rehab,1.0
IA0073,re_rehab,re_rehab,1.0
IA0074,business,business,1.0
IA0075,re_rehab,re_rehab,1.0
IA0076,re_construction,re_construction,1.0
IA0077,re_construction,re_construction,1.0
ID0001,re_construction,re_construction,1.0
ID0002,re_construction,re_construction,1.0
ID0003,re_construction,re_construction,1.0
ID0004,re_construction,re_construction,1.0
ID0005,re_construction,re_construction,1.0
ID0006,re_rehab,re_rehab,1.0
ID0007,re_construction,re_construction,1.0
ID0008,re_construction,re_construction,1.0
ID0009,re_rehab,re_rehab,1.0
ID0010,re_construction,re_construction,1.0
ID0011,re_rehab,re_rehab,1.0
ID0012,re_construction,re_construction,1.0
ID0013,re_construction,re_construction,1.0
ID0014,re_construction,re_construction,1.0
ID0015,re_construction,re_construction,1.0
ID0016,re_construction,re_construction,1.0
ID0017,re_construction,re_construction,1.0
ID0018,re_construction,re_construction,1.0
ID0019,re_construction,re_construction,1.0
ID0020,re_construction,re_construction,1.0
ID0021,re_construction,re_construction,1.0
ID0022,re_rehab,re_rehab,1.0
ID0023,re_construction,re_construction,1.0
ID0024,business,business,1.0
ID0025,re_construction,re_construction,1.0
ID0026,re_construction,re_construction,1.0
ID0027,re_construction,re_construction,1.0
ID0028,re_construction,re_construction,1.0
ID0029,business,business,1.0
ID0030,business,business,1.0
ID0031,business,business,1.0
ID0032,business,business,1.0
ID0033,re_construction,re_construction,1.0
ID0034,business,business,1.0
ID0035,re_construction,re_construction,1.0
ID0036,re_rehab,re_rehab,1.0
ID0037,re_construction,re_construction,1.0
ID0038,re_construction,re_construction,1.0
ID0039,re_rehab,re_rehab,1.0
ID0040,re_construction,re_construction,1.0
ID0041,re_construction,re_construction,1.0
ID0042,business,business,1.0
ID0043,business,business,1.0
ID0044,re_construction,re_construction,1.0
ID0045,re_construction,re_construction,1.0
IL0001,re_construction,re_construction,1.0
IL0002,re_construction,re_construction,1.0
IL0003,business,business,1.0
IL0004,business,business,1.0
IL0005,business,business,1.0
IL0006,re_construction,re_construction,1.0
IL0007,business,business,1.0
IL0008,business,business,1.0
IL0010,business,business,1.0
IL0011,re_rehab,re_rehab,1.0
IL0012,other,other,1.0
IL0013,re_construction,re_construction,1.0
IL0014,re_construction,re_construction,1.0
IL0015,business,business,1.0
IL0017,business,business,0.5291605059963858
IL0018,business,business,1.0
IL0019,re_rehab,re_rehab,1.0
IL0022,re_rehab,re_rehab,1.0
IL0023,business,business,1.0
IL0024,other,other,1.0
IL0025,re_rehab,re_rehab,1.0
IL0026,other,other,1.0
IL0028,re_rehab,re_rehab,1.0
IL0029,business,business,1.0
IL0030,business,business,1.0
IL0031,business,business,1.0
IL0032,other,other,1.0
IL0033,re_construction,re_construction,1.0
IL0034,re_construction,re_construction,0.6197772175319977
IL0036,business,business,1.0
IL0037,housing_sf_new,housing_sf_new,1.0
IL0038,business,business,1.0
IL0039,housing_mf_new,other_small,1.0
IL0040,housing_sf_new,housing_sf_new,1.0
IL0041,housing_mf_new,other_small,1.0
IL0042,re_construction,re_construction,1.0
IL0043,re_rehab,re_rehab,1.0
IL0044,re_construction,re_construction,1.0
IL0045,re_construction,re_construction,1.0
IL0046,business,business,1.0
IL0047,other,other,1.0
IL0048,business,business,1.0
IL0049,housing_sf_new,housing_sf_new,1.0
IL0050,business,business,1.0
IL0051,housing_mf_rehab,other_small,1.0
IL0052,re_construction,re_construction,1.0
IL0053,re_rehab,re_rehab,1.0
IL0055,re_construction,re_construction,1.0
IL0056,business,business,1.0
IL0057,housing_sf_new,housing_sf_new,1.0
IL0058,re_rehab,re_rehab,1.0
IL0059,re_construction,re_construction,1.0
IL0061,business,business,0.6153846153846154
IL0062,business,business,1.0
IL0063,housing_sf_rehab,other_small,1.0
IL0064,re_rehab,re_rehab,1.0
IL0065,re_construction,re_construction,1.0
IL0066,business,business,1.0
IL0068,business,business,1.0
IL0069,re_construction,re_construction,1.0
IL0070,housing_sf_new,housing_sf_new,1.0
IL0071,re_rehab,re_rehab,1.0
IL0072,business,business,1.0
IL0073,other,other,1.0
IL0074,re_construction,re_construction,1.0
IL0075,housing_sf_new,housing_sf_new,1.0
IL0077,re_rehab,re_rehab,1.0
IL0078,re_construction,re_construction,1.0
IL0079,re_rehab,re_rehab,1.0
IL0081,other,other,1.0
IL0082,business,business,1.0
IL0083,business,business,1.0
IL0084,business,business,1.0
IL0085,business,business,1.0
IL0086,business,business,1.0
IL0087,re_construction,re_construction,1.0
IL0088,re_rehab,re_rehab,1.0
IL0089,re_construction,re_construction,0.6895608999999999
IL0091,re_construction,re_construction,1.0
IL0092,re_construction,re_construction,1.0
IL0094,business,business,1.0
IL0095,business,business,1.0
IL0096,business,business,1.0
IL0097,re_construction,re_construction,1.0
IL0098,business,business,1.0
IL0099,business,business,1.0
IL0100,re_construction,re_construction,1.0
IL0101,other,other,1.0
IL0102,business,business,1.0
IL0104,business,business,1.0
IL0105,re_construction,re_construction,1.0
IL0106,re_construction,re_construction,1.0
IL0107,re_construction,re_construction,1.0
IL0108,re_construction,re_construction,1.0
IL0109,re_construction,re_construction,1.0
IL0110,business,business,1.0
IL0111,re_construction,re_construction,0.5448078384713669
IL0112,business,business,1.0
IL0113,re_rehab,re_rehab,1.0
IL0114,re_rehab,re_rehab,1.0
IL0115,other,other,1.0
IL0116,business,business,1.0
IL0117,re_construction,re_construction,1.0
IL0118,business,business,1.0
IL0119,business,business,1.0
IL0120,business,business,1.0
IL0121,business,business,1.0
IL0122,business,business,1.0
IL0123,business,business,1.0
IL0124,business,business,1.0
IL0125,business,business,1.0
IL0126,re_construction,re_construction,1.0
IL0127,re_rehab,re_rehab,1.0
IL0128,business,business,0.5042158516020236
IL0129,business,business,1.0
IL0130,business,business,0.5606407322654462
IL0131,re_construction,re_construction,1.0
IL0132,other,other,1.0
IL0134,business,business,1.0
IL0135,business,business,1.0
IL0136,business,business,1.0
IL0137,re_rehab,re_rehab,1.0
IL0139,re_rehab,re_rehab,1.0
IL0140,business,business,1.0
IL0141,re_construction,re_construction,1.0
IL0142,business,business,1.0
IL0143,business,business,1.0
IL0145,re_construction,re_construction,1.0
IL0146,business,business,1.0
IL0147,other,other,0.5
IL0148,re_construction,re_construction,1.0
IL0149,business,business,1.0
IL0150,business,business,1.0
IL0151,business,business,1.0
IL0152,business,business,1.0
IL0153,business,business,1.0
IL0154,re_rehab,re_rehab,1.0
IL0155,re_rehab,re_rehab,1.0
IL0157,business,business,1.0
IL0158,business,business,1.0
IL0159,re_construction,re_construction,1.0
IL0160,business,business,1.0
IL0161,business,business,1.0
IL0162,re_construction,re_construction,1.0
IL0163,re_rehab,re_rehab,1.0
IL0164,business,business,1.0
IL0165,business,business,1.0
IL0166,business,business,1.0
IL0167,re_construction,re_construction,1.0
IL0169,re_construction,re_construction,1.0
IL0170,business,business,1.0
IL0171,re_construction,re_construction,1.0
IL0172,re_construction,re_construction,0.7821178595619779
IL0173,re_rehab,re_rehab,1.0
IL0174,re_rehab,re_rehab,1.0
IL0175,re_construction,re_construction,1.0
IL0176,business,business,1.0
IL0177,re_construction,re_construction,1.0
IL0178,business,business,1.0
IL0180,re_construction,re_construction,1.0
IL0181,re_construction,re_construction,1.0
IL0182,re_construction,re_construction,1.0
IL0183,re_construction,re_construction,1.0
IL0184,re_construction,re_construction,0.5081693897965989
IL0185,business,business,1.0
IL0186,business,business,1.0
IL0187,re_construction,re_construction,1.0
IL0188,re_construction,re_construction,1.0
IL0190,re_construction,re_construction,1.0
IL0191,re_construction,re_construction,1.0
IL0192,re_rehab,re_rehab,1.0
IL0193,business,business,1.0
IL0194,re_rehab,re_rehab,1.0
IL0195,re_rehab,re_rehab,1.0
IL0196,re_rehab,re_rehab,1.0
IL0197,re_rehab,re_rehab,1.0
IL0198,business,business,1.0
IL0199,re_rehab,re_rehab,1.0
IL0200,business,business,1.0
IL0201,re_construction,re_construction,1.0
IL0202,business,business,1.0
IL0203,business,business,1.0
IL0204,re_construction,re_construction,1.0
IL0205,re_construction,re_construction,1.0
IL0206,re_construction,re_construction,0.6514084507042254
IL0207,re_construction,re_construction,1.0
IL0208,re_construction,re_construction,1.0
IL0209,re_rehab,re_rehab,1.0
IL0210,re_construction,re_construction,1.0
IL0211,re_rehab,re_rehab,1.0
IL0212,re_construction,re_construction,1.0
IL0213,business,business,1.0
IL0214,business,business,1.0
IL0216,business,business,1.0
IL0217,business,business,1.0
IL0218,business,business,1.0
IL0220,re_construction,re_construction,1.0
IL0221,re_construction,re_construction,1.0
IL0222,re_rehab,re_rehab,1.0
IL0224,re_construction,re_construction,1.0
IL0226,business,business,1.0
IL0227,business,business,1.0
IL0228,business,business,1.0
IL0229,business,business,1.0
IL0231,business,business,1.0
IL0232,business,business,1.0
IL0234,re_construction,re_construction,1.0
IL0235,business,business,1.0
IL0236,business,business,1.0
IL0238,business,business,1.0
IL0239,business,business,1.0
IL0240,business,business,1.0
IL0241,business,business,1.0
IL0242,re_construction,re_construction,1.0
IL0243,business,business,1.0
IL0244,business,business,1.0
IL0245,business,business,1.0
IL0246,business,business,1.0
IL0247,business,business,1.0
IL0248,business,business,1.0
IL0249,business,business,1.0
IL0250,business,business,1.0
IL0251,business,business,1.0
IL0252,business,business,1.0
IL0253,business,business,1.0
IL0254,re_construction,re_construction,1.0
IL0255,business,business,1.0
IL0256,other,other,1.0
IL0257,re_rehab,re_rehab,1.0
IL0258,business,business,1.0
IL0259,business,business,1.0
IL0260,business,business,1.0
IL0261,re_construction,re_construction,1.0
IL0263,re_rehab,re_rehab,0.8333333333333334
IL0264,re_construction,re_construction,1.0
IL0265,re_construction,re_construction,1.0
IL0266,business,business,1.0
IL0267,re_construction,re_construction,1.0
IL0268,re_construction,re_construction,0.803818909762858
IL0269,business,business,0.6213988861816916
IL0270,business,business,1.0
IL0271,re_construction,re_construction,1.0
IL0272,re_rehab,re_rehab,1.0
IL0273,re_rehab,re_rehab,1.0
IL0274,re_rehab,re_rehab,1.0
IL0275,business,business,1.0
IL0276,business,business,1.0
IL0279,business,business,1.0
IL0280,business,business,1.0
IL0281,business,business,1.0
IL0282,business,business,1.0
IL0285,business,business,1.0
IL0286,re_construction,re_construction,1.0
IL0287,re_construction,re_construction,0.8448409619860356
IL0288,re_construction,re_construction,1.0
IL0289,re_construction,re_construction,1.0
IL0290,re_rehab,re_rehab,1.0
IL0291,re_construction,re_construction,1.0
IL0292,business,business,1.0
IL0293,business,business,1.0
IL0294,business,business,1.0
IL0295,business,business,1.0
IL0296,business,business,1.0
IL0297,business,business,1.0
IL0298,re_construction,re_construction,1.0
IL0299,re_construction,re_construction,1.0
IL0300,re_construction,re_construction,1.0
IL0301,re_rehab,re_rehab,0.7918401332223147
IL0302,re_rehab,re_rehab,1.0
IL0303,re_construction,re_construction,1.0
IL0304,re_construction,re_construction,1.0
IL0305,business,business,1.0
IL0306,business,business,1.0
IL0307,business,business,1.0
IL0308,business,business,1.0
IL0309,business,business,1.0
IL0310,business,business,1.0
IL0311,business,business,1.0
IL0312,business,business,1.0
IL0313,business,business,1.0
IL0314,business,business,1.0
IL0315,re_rehab,re_rehab,1.0
IL0316,re_rehab,re_rehab,1.0
IL0317,business,business,1.0
IL0318,business,business,1.0
IL0319,re_construction,re_construction,1.0
IL0320,re_rehab,re_rehab,1.0
IL0321,business,business,1.0
IL0322,business,business,1.0
IL0323,business,business,1.0
IL0324,business,business,1.0
IL0325,re_rehab,re_rehab,1.0
IL0326,business,business,0.8813559322033898
IL0327,business,business,1.0
IL0328,business,business,1.0
IL0329,business,business,1.0
IL0330,business,business,1.0
IL0331,business,business,1.0
IL0332,business,business,1.0
IL0333,business,business,1.0
IL0334,business,business,1.0
IL0335,business,business,1.0
IL0336,re_rehab,re_rehab,1.0
IL0337,business,business,1.0
IL0338,re_construction,re_construction,1.0
IL0339,re_construction,re_construction,1.0
IL0340,business,business,1.0
IL0341,business,business,1.0
IL0342,re_rehab,re_rehab,1.0
IL0343,re_construction,re_construction,1.0
IL0344,re_rehab,re_rehab,1.0
IL0345,business,business,1.0
IL0346,re_construction,re_construction,1.0
IL0347,re_rehab,re_rehab,1.0
IL0348,business,business,1.0
IL0349,business,business,1.0
IL0350,re_construction,re_construction,1.0
IL0351,business,business,1.0
IL0352,business,business,1.0
IL0353,business,business,1.0
IL0354,business,business,1.0
IL0355,business,business,1.0
IL0356,re_rehab,re_rehab,1.0
IL0357,re_rehab,re_rehab,1.0
IL0358,re_construction,re_construction,1.0
IL0359,re_rehab,re_rehab,1.0
IL0360,business,business,1.0
IL0361,business,business,1.0
IL0362,re_construction,re_construction,1.0
IL0363,microenterprise,other_small,1.0
IL0364,business,business,1.0
IL0365,re_construction,re_construction,1.0
IL0366,re_construction,re_construction,1.0
IL0367,re_construction,re_construction,1.0
IL0368,re_construction,re_construction,1.0
IL0369,re_rehab,re_rehab,1.0
IL0370,business,business,1.0
IL0371,business,business,1.0
IL0372,re_rehab,re_rehab,1.0
IL0373,re_rehab,re_rehab,1.0
IL0374,re_construction,re_construction,1.0
IL0375,business,business,1.0
IL0376,re_rehab,re_rehab,1.0
IL0377,business,business,1.0
IL0378,re_rehab,re_rehab,0.5927732439868277
IL0379,re_rehab,re_rehab,1.0
IL0380,re_construction,re_construction,1.0
IL0381,business,business,1.0
IL0382,business,business,1.0
IL0383,business,business,1.0
IL0384,business,business,1.0
IL0385,re_rehab,re_rehab,1.0
IL0386,re_construction,re_construction,1.0
IL0387,business,business,1.0
IL0388,re_construction,re_construction,1.0
IL0389,business,business,1.0
IL0390,re_construction,re_construction,1.0
IL0391,re_construction,re_construction,1.0
IL0392,re_construction,re_construction,1.0
IL0393,re_rehab,re_rehab,1.0
IL0394,business,business,1.0
IL0395,business,business,1.0
IL0396,business,business,1.0
IL0397,re_rehab,re_rehab,1.0
IL0398,business,business,1.0
IL0399,re_rehab,re_rehab,1.0
IL0400,business,business,1.0
IL0401,business,business,1.0
IL0402,re_construction,re_construction,1.0
IL0403,re_rehab,re_rehab,1.0
IL0404,re_rehab,re_rehab,1.0
IL0405,other,other,1.0
IL0406,business,business,1.0
IL0407,business,business,1.0
IL0408,re_construction,re_construction,1.0
IL0409,re_construction,re_construction,1.0
IL0410,re_construction,re_construction,1.0
IL0411,business,business,1.0
IL0412,business,business,0.8108108108108109
IL0413,re_construction,re_construction,0.9280288125793236
IL0414,business,business,1.0
IL0415,re_construction,re_construction,1.0
IL0416,business,business,0.6635514018691588
IL0419,business,business,1.0
IL0422,re_rehab,re_rehab,1.0
IL0423,business,business,1.0
IL0429,business,business,1.0
IL0430,re_rehab,re_rehab,0.7971499568943659
IL0431,re_construction,re_construction,0.5038560411311054
IL0432,business,business,1.0
IL0433,business,business,1.0
IL0434,re_construction,re_construction,1.0
IL0435,business,business,1.0
IL0436,business,business,1.0
IL0437,business,business,1.0
IL0438,re_rehab,re_rehab,1.0
IL0439,re_construction,re_construction,1.0
IN0001,re_rehab,re_rehab,1.0
IN0002,re_construction,re_construction,1.0
IN0003,business,business,1.0
IN0004,re_construction,re_construction,1.0
IN0005,business,business,1.0
IN0006,re_construction,re_construction,1.0
IN0007,re_rehab,re_rehab,1.0
IN0008,re_rehab,re_rehab,1.0
IN0009,re_construction,re_construction,1.0
IN0010,business,business,1.0
IN0011,re_construction,re_construction,1.0
IN0012,re_construction,re_construction,0.6875
IN0013,re_rehab,re_rehab,1.0
IN0014,business,business,1.0
IN0015,re_construction,re_construction,1.0
IN0016,business,business,1.0
IN0017,re_construction,re_construction,1.0
IN0018,re_construction,re_construction,1.0
IN0019,business,business,1.0
IN0020,re_rehab,re_rehab,0.5048543689320388
IN0021,re_rehab,re_rehab,1.0
IN0022,re_construction,re_construction,1.0
IN0023,business,business,1.0
IN0024,re_construction,re_construction,1.0
IN0025,re_construction,re_construction,1.0
IN0026,business,business,1.0
IN0027,re_construction,re_construction,1.0
IN0028,housing_sf_new,housing_sf_new,1.0
IN0029,re_construction,re_construction,1.0
IN0030,business,business,1.0
IN0031,re_construction,re_construction,1.0
IN0032,re_construction,re_construction,1.0
IN0033,re_rehab,re_rehab,0.5483806051699891
IN0034,re_construction,re_construction,1.0
IN0035,re_construction,re_construction,1.0
IN0036,re_rehab,re_rehab,1.0
IN0037,re_construction,re_construction,1.0
IN0038,re_rehab,re_rehab,1.0
IN0039,re_construction,re_construction,1.0
IN0040,re_construction,re_construction,1.0
IN0041,business,business,1.0
IN0042,re_construction,re_construction,1.0
IN0043,re_construction,re_construction,1.0
IN0044,re_construction,re_construction,1.0
IN0046,re_construction,re_construction,1.0
IN0047,re_construction,re_construction,1.0
IN0048,re_construction,re_construction,1.0
IN0049,re_rehab,re_rehab,1.0
IN0050,business,business,1.0
IN0051,re_rehab,re_rehab,1.0
IN0052,re_construction,re_construction,1.0
IN0053,re_construction,re_construction,1.0
IN0054,business,business,1.0
IN0055,re_construction,re_construction,1.0
IN0056,business,business,1.0
IN0057,re_rehab,re_rehab,1.0
IN0058,re_construction,re_construction,1.0
IN0059,re_construction,re_construction,1.0
IN0060,re_construction,re_construction,1.0
IN0061,housing_sf_new,housing_sf_new,1.0
IN0062,re_construction,re_construction,1.0
IN0063,housing_sf_new,housing_sf_new,1.0
IN0064,housing_sf_new,housing_sf_new,1.0
IN0065,business,business,1.0
IN0066,re_rehab,re_rehab,1.0
IN0067,business,business,1.0
IN0068,re_construction,re_construction,1.0
IN0069,re_construction,re_construction,1.0
IN0070,re_rehab,re_rehab,1.0
IN0071,re_construction,re_construction,1.0
IN0072,re_construction,re_construction,1.0
IN0073,re_construction,re_construction,1.0
IN0074,re_construction,re_construction,1.0
IN0075,re_construction,re_construction,1.0
IN0076,re_construction,re_construction,1.0
IN0077,re_construction,re_construction,1.0
IN0078,re_rehab,re_rehab,1.0
IN0079,business,business,1.0
IN0080,business,business,1.0
IN0081,business,business,1.0
IN0082,re_rehab,re_rehab,1.0
IN0083,re_rehab,re_rehab,1.0
IN0084,re_construction,re_construction,1.0
IN0085,re_rehab,re_rehab,1.0
IN0086,business,business,1.0
IN0087,re_rehab,re_rehab,1.0
IN0088,re_construction,re_construction,1.0
IN0089,re_construction,re_construction,1.0
IN0090,re_rehab,re_rehab,1.0
IN0092,re_construction,re_construction,0.9007936507936508
IN0093,business,business,1.0
IN0094,re_rehab,re_rehab,1.0
IN0095,re_rehab,re_rehab,0.5763970300898789
IN0096,business,business,1.0
IN0097,re_construction,re_construction,1.0
IN0098,business,business,0.8
IN0099,re_rehab,re_rehab,1.0
IN0100,re_rehab,re_rehab,1.0
IN0101,housing_sf_new,housing_sf_new,1.0
IN0102,business,business,1.0
IN0103,business,business,1.0
IN0104,business,business,1.0
IN0105,re_construction,re_construction,1.0
IN0106,business,business,1.0
IN0107,re_construction,re_construction,1.0
IN0108,re_construction,re_construction,1.0
IN0109,business,business,0.5577617328519856
IN0110,re_construction,re_construction,1.0
IN0111,re_rehab,re_rehab,1.0
IN0112,re_construction,re_construction,1.0
IN0113,re_rehab,re_rehab,1.0
IN0114,housing_sf_new,housing_sf_new,1.0
IN0115,housing_sf_new,housing_sf_new,1.0
IN0116,re_construction,re_construction,1.0
IN0117,re_construction,re_construction,1.0
IN0118,re_rehab,re_rehab,1.0
KS0001,re_construction,re_construction,1.0
KS0002,re_construction,re_construction,1.0
KS0003,re_construction,re_construction,0.9272197962154294
KS0004,re_construction,re_construction,1.0
KS0005,re_rehab,re_rehab,1.0
KS0006,business,business,1.0
KS0007,business,business,1.0
KS0008,business,business,1.0
KS0009,business,business,1.0
KS0010,re_construction,re_construction,1.0
KS0011,re_construction,re_construction,1.0
KS0012,business,business,1.0
KS0013,business,business,1.0
KS0014,business,business,1.0
KS0015,business,business,1.0
KS0016,business,business,1.0
KS0017,business,business,1.0
KS0018,re_rehab,re_rehab,1.0
KS0019,business,business,1.0
KS0020,re_rehab,re_rehab,1.0
KS0021,business,business,1.0
KS0022,business,business,1.0
KS0023,business,business,1.0
KS0024,re_construction,re_construction,1.0
KS0025,re_construction,re_construction,1.0
KS0026,re_rehab,re_rehab,1.0
KS0028,business,business,1.0
KS0029,re_rehab,re_rehab,1.0
KS0030,business,business,1.0
KS0031,business,business,1.0
KS0032,re_construction,re_construction,1.0
KS0033,re_construction,re_construction,1.0
KS0034,business,business,1.0
KS0035,re_construction,re_construction,1.0
KS0036,business,business,1.0
KS0037,re_rehab,re_rehab,0.6470588235294118
KS0038,re_rehab,re_rehab,1.0
KS0039,re_construction,re_construction,1.0
KS0040,re_construction,re_construction,1.0
KS0041,business,business,0.6452084857351865
KS0042,re_rehab,re_rehab,1.0
KS0043,re_rehab,re_rehab,1.0
KS0044,re_rehab,re_rehab,1.0
KS0045,business,business,1.0
KS0046,re_rehab,re_rehab,1.0
KS0047,business,business,1.0
KS0048,re_construction,re_construction,1.0
KS0049,re_construction,re_construction,1.0
KY0001,business,business,1.0
KY0002,business,business,1.0
KY0003,business,business,1.0
KY0004,other,other,1.0
KY0005,other,other,1.0
KY0006,business,business,1.0
KY0007,re_rehab,re_rehab,1.0
KY0008,re_construction,re_construction,1.0
KY0009,business,business,1.0
KY0010,re_construction,re_construction,1.0
KY0011,business,business,1.0
KY0012,other,other,1.0
KY0013,other,other,1.0
KY0014,other,other,1.0
KY0015,re_rehab,re_rehab,1.0
KY0016,other,other,1.0
KY0017,business,business,1.0
KY0018,business,business,1.0
KY0019,business,business,1.0
KY0020,re_construction,re_construction,1.0
KY0021,other,other,1.0
KY0022,business,business,1.0
KY0023,business,business,1.0
KY0024,business,business,1.0
KY0025,business,business,1.0
KY0026,re_construction,re_construction,1.0
KY0027,business,business,1.0
KY0028,other,other,1.0
KY0029,other,other,1.0
KY0030,business,business,1.0
KY0031,other,other,1.0
KY0032,business,business,1.0
KY0033,re_construction,re_construction,0.8634074501191512
KY0034,re_rehab,re_rehab,1.0
KY0035,business,business,1.0
KY0036,re_rehab,re_rehab,1.0
KY0037,business,business,1.0
KY0038,other,other,1.0
KY0039,other,other,1.0
KY0040,business,business,1.0
KY0041,business,business,1.0
KY0042,business,business,1.0
KY0043,business,business,1.0
KY0044,re_construction,re_construction,1.0
KY0045,business,business,1.0
KY0046,re_construction,re_construction,1.0
KY0047,business,business,1.0
KY0048,business,business,1.0
KY0049,business,business,1.0
KY0050,re_construction,re_construction,1.0
KY0051,re_construction,re_construction,1.0
KY0052,business,business,1.0
KY0053,business,business,1.0
KY0056,business,business,1.0
KY0057,business,business,1.0
KY0058,re_rehab,re_rehab,1.0
KY0060,re_rehab,re_rehab,1.0
KY0061,re_rehab,re_rehab,1.0
KY0065,re_rehab,re_rehab,1.0
KY0067,re_rehab,re_rehab,1.0
KY0068,re_rehab,re_rehab,0.5892031186767714
KY0069,re_construction,re_construction,0.7413206262763785
KY0071,business,business,1.0
KY0072,re_rehab,re_rehab,1.0
KY0077,business,business,1.0
KY0079,business,business,1.0
KY0080,business,business,1.0
KY0081,re_rehab,re_rehab,1.0
KY0083,business,business,1.0
KY0084,business,business,1.0
KY0085,business,business,1.0
KY0086,business,business,1.0
KY0087,other,other,1.0
KY0088,other,other,1.0
KY0089,other,other,1.0
KY0090,other,other,1.0
KY0091,business,business,1.0
KY0092,business,business,1.0
KY0093,business,business,1.0
KY0094,re_rehab,re_rehab,1.0
KY0095,other,other,1.0
KY0096,other,other,1.0
KY0097,other,other,1.0
KY0098,business,business,1.0
KY0099,business,business,1.0
KY0100,business,business,1.0
KY0101,other,other,1.0
KY0102,business,business,1.0
KY0103,business,business,1.0
KY0104,business,business,1.0
KY0105,business,business,1.0
KY0106,other,other,1.0
KY0107,business,business,1.0
KY0108,other,other,1.0
KY0109,other,other,1.0
KY0110,business,business,1.0
KY0111,business,business,1.0
KY0112,other,other,1.0
KY0113,other,other,0.6465873819925275
KY0114,re_construction,re_construction,1.0
KY0115,business,business,1.0
KY0116,business,business,1.0
KY0117,re_rehab,re_rehab,1.0
KY0118,re_rehab,re_rehab,1.0
KY0119,re_construction,re_construction,0.8642511248220038
KY0120,business,business,1.0
KY0121,business,business,1.0
KY0122,re_construction,re_construction,1.0
KY0123,re_construction,re_construction,0.765635193057003
KY0124,re_rehab,re_rehab,1.0
KY0125,re_construction,re_construction,1.0
KY0126,re_construction,re_construction,1.0
KY0127,business,business,1.0
KY0128,re_construction,re_construction,0.7364202059726638
KY0129,business,business,1.0
KY0131,business,business,1.0
KY0132,business,business,1.0
KY0133,business,business,1.0
KY0135,re_rehab,re_rehab,1.0
KY0136,business,business,1.0
KY0137,business,business,1.0
KY0138,re_construction,re_construction,1.0
KY0139,business,business,1.0
KY0140,business,business,1.0
KY0141,business,business,1.0
KY0142,re_rehab,re_rehab,1.0
KY0143,re_rehab,re_rehab,1.0
KY0150,re_construction,re_construction,1.0
KY0151,business,business,0.5492154065620543
KY0152,re_construction,re_construction,1.0
KY0153,re_rehab,re_rehab,1.0
KY0154,re_construction,re_construction,1.0
KY0155,business,business,1.0
KY0156,business,business,1.0
KY0157,business,business,1.0
KY0158,business,business,1.0
KY0159,business,business,1.0
KY0160,business,business,1.0
KY0161,re_construction,re_construction,1.0
KY0162,re_construction,re_construction,1.0
KY0163,re_construction,re_construction,1.0
KY0164,business,business,1.0
KY0166,re_rehab,re_rehab,1.0
KY0167,business,business,1.0
KY0168,re_construction,re_construction,1.0
KY0169,business,business,1.0
KY0170,business,business,1.0
KY0171,business,business,1.0
KY0172,business,business,1.0
KY0173,business,business,1.0
KY0174,business,business,1.0
KY0175,re_construction,re_construction,1.0
KY0176,re_construction,re_construction,1.0
KY0177,re_construction,re_construction,1.0
KY0178,re_construction,re_construction,0.7148001440403313
KY0179,re_construction,re_construction,1.0
KY0180,re_construction,re_construction,1.0
KY0181,other,other,0.4742145820983995
KY0183,business,business,1.0
KY0184,business,business,1.0
KY0185,re_construction,re_construction,1.0
KY0186,business,business,1.0
KY0187,re_construction,re_construction,1.0
KY0188,business,business,1.0
KY0189,business,business,1.0
KY0190,re_construction,re_construction,1.0
KY0191,re_construction,re_construction,1.0
KY0192,re_construction,re_construction,0.5050505050505051
KY0193,re_construction,re_construction,1.0
KY0194,housing_sf_new,housing_sf_new,1.0
KY0195,business,business,1.0
KY0196,re_rehab,re_rehab,1.0
KY0198,business,business,1.0
KY0199,re_construction,re_construction,1.0
KY0200,business,business,1.0
KY0201,business,business,1.0
KY0202,business,business,1.0
KY0203,business,business,1.0
KY0204,business,business,1.0
KY0205,re_rehab,re_rehab,1.0
KY0206,re_rehab,re_rehab,1.0
KY0207,re_construction,re_construction,1.0
KY0208,re_rehab,re_rehab,1.0
KY0209,re_rehab,re_rehab,0.6076063990341081
KY0210,re_rehab,re_rehab,1.0
KY0211,business,business,1.0
KY0212,business,business,1.0
KY0213,re_construction,re_construction,0.9088567749320361
KY0214,business,business,1.0
KY0215,re_construction,re_construction,1.0
KY0216,business,business,1.0
KY0217,business,business,1.0
KY0218,business,business,1.0
KY0219,re_construction,re_construction,1.0
KY0220,business,business,1.0
KY0221,re_construction,re_construction,1.0
KY9999,business,business,1.0
LA0001,housing_sf_new,housing_sf_new,1.0
LA0002,business,business,1.0
LA0003,re_construction,re_construction,1.0
LA0004,re_rehab,re_rehab,1.0
LA0005,re_construction,re_construction,1.0
LA0007,business,business,1.0
LA0008,business,business,1.0
LA0009,business,business,1.0
LA0010,business,business,1.0
LA0011,business,business,1.0
LA0014,re_rehab,re_rehab,1.0
LA0015,re_construction,re_construction,1.0
LA0016,business,business,1.0
LA0017,re_rehab,re_rehab,1.0
LA0018,re_construction,re_construction,1.0
LA0019,re_rehab,re_rehab,1.0
LA0020,re_construction,re_construction,1.0
LA0021,business,business,1.0
LA0022,business,business,1.0
LA0025,business,business,1.0
LA0026,re_construction,re_construction,1.0
LA0027,business,business,1.0
LA0028,business,business,1.0
LA0029,re_rehab,re_rehab,1.0
LA0030,business,business,1.0
LA0031,business,business,1.0
LA0032,re_construction,re_construction,1.0
LA0033,business,business,1.0
LA0034,business,business,1.0
LA0035,business,business,1.0
LA0036,business,business,0.7583892617449665
LA0037,business,business,1.0
LA0038,re_construction,re_construction,1.0
LA0039,business,business,1.0
LA0041,business,business,1.0
LA0042,business,business,1.0
LA0044,re_rehab,re_rehab,1.0
LA0045,business,business,1.0
LA0046,business,business,1.0
LA0047,business,business,1.0
LA0048,business,business,1.0
LA0049,re_rehab,re_rehab,1.0
LA0050,business,business,1.0
LA0051,business,business,1.0
LA0052,business,business,1.0
LA0053,business,business,1.0
LA0055,re_rehab,re_rehab,0.5
LA0056,business,business,1.0
LA0057,business,business,1.0
LA0058,business,business,1.0
LA0059,re_construction,re_construction,1.0
LA0060,re_construction,re_construction,1.0
LA0061,business,business,1.0
LA0062,business,business,1.0
LA0063,business,business,1.0
LA0064,re_construction,re_construction,1.0
LA0066,re_construction,re_construction,1.0
LA0067,business,business,1.0
LA0069,business,business,1.0
LA0071,business,business,1.0
LA0072,business,business,1.0
LA0073,business,business,1.0
LA0074,business,business,1.0
LA0075,business,business,1.0
LA0076,business,business,0.8369565217391305
LA0077,business,business,1.0
LA0078,business,business,1.0
LA0080,business,business,0.8100772805041765
LA0081,business,business,1.0
LA0082,business,business,1.0
LA0084,business,business,1.0
LA0085,re_rehab,re_rehab,1.0
LA0086,business,business,1.0
LA0087,business,business,1.0
LA0088,re_construction,re_construction,1.0
LA0089,re_rehab,re_rehab,1.0
LA0090,re_rehab,re_rehab,1.0
LA0091,re_construction,re_construction,1.0
LA0092,business,business,1.0
LA0093,re_rehab,re_rehab,0.6903632916425062
LA0095,business,business,1.0
LA0096,housing_mf_rehab,other_small,1.0
LA0097,business,business,1.0
LA0098,business,business,1.0
LA0099,business,business,1.0
LA0100,business,business,1.0
LA0101,re_construction,re_construction,1.0
LA0102,business,business,1.0
LA0103,business,business,1.0
LA0104,business,business,1.0
LA0105,business,business,1.0
LA0107,re_construction,re_construction,0.9770992366412213
LA0108,re_rehab,re_rehab,1.0
LA0109,re_rehab,re_rehab,1.0
LA0111,business,business,1.0
LA0114,re_rehab,re_rehab,1.0
LA0115,re_construction,re_construction,1.0
LA0117,business,business,1.0
LA0119,business,business,1.0
LA0120,business,business,0.5089285714285714
LA0123,re_construction,re_construction,1.0
LA0124,business,business,1.0
LA0125,business,business,1.0
LA0126,business,business,1.0
LA0127,re_construction,re_construction,1.0
LA0128,re_construction,re_construction,0.5305164319248826
LA0131,re_rehab,re_rehab,1.0
LA0132,re_rehab,re_rehab,1.0
LA0133,re_rehab,re_rehab,1.0
LA0134,business,business,1.0
LA0135,business,business,1.0
LA0137,business,business,1.0
LA0138,business,business,1.0
LA0139,business,business,1.0
LA0140,re_construction,re_construction,1.0
LA0141,re_construction,re_construction,1.0
LA0142,re_rehab,re_rehab,0.7252157516861266
LA0143,business,business,1.0
LA0144,other,other,1.0
LA0145,business,business,1.0
LA0146,business,business,1.0
LA0147,business,business,0.8585752874457283
LA0148,other,other,1.0
LA0149,re_rehab,re_rehab,1.0
LA0150,re_rehab,re_rehab,1.0
LA0151,business,business,1.0
LA0152,business,business,1.0
LA0153,business,business,1.0
LA0154,business,business,1.0
LA0155,business,business,1.0
LA0156,re_rehab,re_rehab,1.0
LA0157,business,business,1.0
LA0158,business,business,1.0
LA0159,business,business,1.0
LA0160,re_rehab,re_rehab,1.0
LA0161,other,other,1.0
LA0162,business,business,1.0
LA0163,re_rehab,re_rehab,1.0
LA0164,other,other,1.0
LA0165,other,other,1.0
LA0166,re_rehab,re_rehab,1.0
LA0167,re_construction,re_construction,1.0
LA0169,re_rehab,re_rehab,0.6149270075773656
LA0173,business,business,1.0
LA0174,business,business,1.0
LA0175,re_construction,re_construction,1.0
LA0176,business,business,1.0
LA0178,business,business,1.0
LA0179,business,business,1.0
LA0180,housing_sf_new,housing_sf_new,1.0
LA0181,business,business,1.0
LA0182,business,business,1.0
LA0183,business,business,1.0
LA0184,business,business,1.0
LA0185,re_construction,re_construction,1.0
LA0186,re_construction,re_construction,1.0
LA0187,re_construction,re_construction,1.0
LA0188,re_construction,re_construction,1.0
LA0189,business,business,1.0
LA0190,business,business,1.0
LA0191,business,business,1.0
LA0192,business,business,1.0
LA0193,re_rehab,re_rehab,1.0
LA0194,re_rehab,re_rehab,1.0
LA0195,re_construction,re_construction,1.0
LA0196,re_rehab,re_rehab,1.0
LA0197,re_rehab,re_rehab,1.0
LA0198,business,business,1.0
LA0199,re_rehab,re_rehab,0.38461538461538464
LA0200,business,business,1.0
LA0201,business,business,1.0
LA0203,business,business,1.0
LA0204,business,business,1.0
LA0205,re_construction,re_construction,1.0
LA0206,business,business,1.0
LA0208,business,business,1.0
LA0209,re_rehab,re_rehab,1.0
LA0210,business,business,1.0
LA0211,re_construction,re_construction,1.0
LA0212,re_rehab,re_rehab,1.0
LA0214,re_rehab,re_rehab,1.0
LA0215,re_rehab,re_rehab,1.0
LA0216,business,business,1.0
LA0217,business,business,1.0
LA0218,re_construction,re_construction,0.5960015615767571
LA0219,re_rehab,re_rehab,1.0
LA0220,business,business,1.0
LA0221,re_construction,re_construction,1.0
LA0222,business,business,1.0
LA0223,business,business,1.0
LA0224,business,business,0.5465277271733586
LA0225,re_construction,re_construction,1.0
LA0226,business,business,1.0
LA0227,re_construction,re_construction,1.0
LA0229,re_rehab,re_rehab,1.0
LA0230,business,business,1.0
LA0232,re_rehab,re_rehab,1.0
LA0233,re_rehab,re_rehab,1.0
LA0234,re_rehab,re_rehab,0.6
LA0235,re_rehab,re_rehab,1.0
LA0236,re_rehab,re_rehab,1.0
LA0237,re_rehab,re_rehab,1.0
LA0238,re_construction,re_construction,1.0
LA0239,re_rehab,re_rehab,1.0
LA0240,re_rehab,re_rehab,1.0
LA0241,re_construction,re_construction,0.5555555555555556
LA0242,re_rehab,re_rehab,1.0
LA0243,re_rehab,re_rehab,1.0
LA0244,re_construction,re_construction,1.0
LA0245,business,business,1.0
LA0246,re_construction,re_construction,1.0
LA0247,re_construction,re_construction,1.0
LA0248,housing_sf_new,housing_sf_new,1.0
LA0249,housing_sf_new,housing_sf_new,1.0
LA0250,re_rehab,re_rehab,1.0
LA0251,housing_sf_new,housing_sf_new,1.0
LA0252,housing_sf_new,housing_sf_new,1.0
LA0253,re_construction,re_construction,1.0
LA0254,re_construction,re_construction,1.0
LA0255,business,business,1.0
LA0256,business,business,1.0
LA0257,business,business,1.0
LA0258,business,business,1.0
LA0259,business,business,1.0
LA0260,business,business,1.0
LA0261,re_rehab,re_rehab,1.0
LA0262,re_construction,re_construction,1.0
LA0264,business,business,1.0
LA0265,re_construction,re_construction,1.0
LA0266,re_construction,re_construction,1.0
LA0267,re_rehab,re_rehab,1.0
LA0268,housing_sf_new,housing_sf_new,1.0
LA0269,re_construction,re_construction,1.0
LA0270,re_construction,re_construction,1.0
LA0271,re_construction,re_construction,1.0
LA0272,re_construction,re_construction,1.0
LA0273,re_rehab,re_rehab,1.0
LA0275,re_rehab,re_rehab,1.0
LA0276,re_construction,re_construction,1.0
LA0277,re_construction,re_construction,1.0
LA0279,business,business,1.0
LA0280,business,business,1.0
LA0281,business,business,1.0
LA0282,re_construction,re_construction,1.0
LA0283,re_rehab,re_rehab,1.0
LA0284,business,business,1.0
LA0285,business,business,1.0
LA0286,re_construction,re_construction,1.0
LA0287,re_construction,re_construction,1.0
LA0288,business,business,1.0
LA0289,re_construction,re_construction,1.0
LA0290,re_construction,re_construction,1.0
LA0291,re_rehab,re_rehab,1.0
LA0292,re_construction,re_construction,1.0
LA0293,business,business,1.0
LA0294,re_rehab,re_rehab,0.5454545454545454
LA0295,business,business,1.0
LA0296,business,business,1.0
LA0297,business,business,1.0
LA0298,business,business,1.0
LA0299,re_rehab,re_rehab,1.0
LA0300,re_construction,re_construction,1.0
LA0301,business,business,1.0
LA0302,business,business,1.0
LA0303,business,business,1.0
LA0304,re_rehab,re_rehab,1.0
LA0305,business,business,1.0
LA0306,business,business,1.0
LA0307,business,business,1.0
MA0001,re_construction,re_construction,1.0
MA0002,business,business,1.0
MA0004,re_rehab,re_rehab,0.6850984067478912
MA0005,re_construction,re_construction,1.0
MA0006,re_rehab,re_rehab,1.0
MA0008,re_construction,re_construction,1.0
MA0009,re_construction,re_construction,1.0
MA0011,re_construction,re_construction,1.0
MA0012,re_construction,re_construction,1.0
MA0013,business,business,1.0
MA0014,re_construction,re_construction,1.0
MA0015,re_rehab,re_rehab,0.7039479497252059
MA0016,re_construction,re_construction,1.0
MA0017,re_rehab,re_rehab,1.0
MA0020,re_rehab,re_rehab,1.0
MA0021,re_construction,re_construction,0.804514388284449
MA0022,re_rehab,re_rehab,1.0
MA0023,re_rehab,re_rehab,1.0
MA0024,re_rehab,re_rehab,1.0
MA0025,business,business,0.6752136752136753
MA0026,re_construction,re_construction,1.0
MA0027,re_construction,re_construction,1.0
MA0028,re_rehab,re_rehab,1.0
MA0029,re_construction,re_construction,1.0
MA0030,re_construction,re_construction,1.0
MA0031,business,business,1.0
MA0032,re_construction,re_construction,1.0
MA0033,re_construction,re_construction,1.0
MA0034,re_construction,re_construction,0.8275048553609885
MA0035,re_rehab,re_rehab,1.0
MA0037,re_rehab,re_rehab,1.0
MA0038,re_rehab,re_rehab,1.0
MA0040,re_rehab,re_rehab,1.0
MA0041,re_rehab,re_rehab,1.0
MA0044,re_construction,re_construction,1.0
MA0045,re_rehab,re_rehab,1.0
MA0046,re_rehab,re_rehab,1.0
MA0047,re_construction,re_construction,1.0
MA0048,re_rehab,re_rehab,0.7857142857142857
MA0049,re_construction,re_construction,0.8113207547169812
MA0050,re_construction,re_construction,1.0
MA0051,re_construction,re_construction,1.0
MA0052,business,business,0.9230769230769231
MA0053,re_rehab,re_rehab,1.0
MA0054,business,business,1.0
MA0055,re_construction,re_construction,0.6052077253265222
MA0056,re_rehab,re_rehab,1.0
MA0057,re_rehab,re_rehab,1.0
MA0058,re_construction,re_construction,1.0
MA0059,re_construction,re_construction,1.0
MA0061,re_construction,re_construction,0.5511877330107864
MA0062,business,business,1.0
MA0063,re_construction,re_construction,0.6896551724137931
MA0065,re_rehab,re_rehab,1.0
MA0066,re_rehab,re_rehab,0.5897435897435898
MA0067,re_construction,re_construction,1.0
MA0069,re_construction,re_construction,1.0
MA0070,re_construction,re_construction,0.56935457290392
MA0071,re_construction,re_construction,0.5179831924813704
MA0072,business,business,1.0
MA0073,re_construction,re_construction,1.0
MA0074,housing_sf_new,housing_sf_new,1.0
MA0075,re_rehab,re_rehab,1.0
MA0076,re_rehab,re_rehab,1.0
MA0077,re_rehab,re_rehab,1.0
MA0078,business,business,1.0
MA0079,re_rehab,re_rehab,1.0
MA0080,business,business,0.6666666666666666
MA0081,re_construction,re_construction,0.5956284153005464
MA0082,re_construction,re_construction,0.724009900990099
MA0083,business,business,1.0
MA0084,re_rehab,re_rehab,1.0
MA0085,re_construction,re_construction,1.0
MA0086,business,business,1.0
MA0087,business,business,1.0
MA0088,re_rehab,re_rehab,1.0
MA0090,re_rehab,re_rehab,1.0
MA0091,re_rehab,re_rehab,1.0
MA0092,business,business,1.0
MA0093,re_rehab,re_rehab,1.0
MA0094,business,business,1.0
MA0095,business,business,1.0
MA0096,re_rehab,re_rehab,1.0
MA0099,re_construction,re_construction,1.0
MA0100,re_construction,re_construction,1.0
MA0101,re_construction,re_construction,1.0
MA0102,re_construction,re_construction,1.0
MA0103,re_construction,re_construction,1.0
MA0104,re_construction,re_construction,1.0
MA0105,business,business,0.5206688137886394
MA0108,re_rehab,re_rehab,1.0
MA0111,re_rehab,re_rehab,1.0
MA0112,re_rehab,re_rehab,1.0
MA0113,business,business,1.0
MA0114,re_rehab,re_rehab,1.0
MA0115,re_construction,re_construction,1.0
MA0116,re_rehab,re_rehab,1.0
MA0117,re_construction,re_construction,1.0
MA0119,re_construction,re_construction,1.0
MA0120,re_rehab,re_rehab,1.0
MA0121,re_rehab,re_rehab,1.0
MA0122,business,business,1.0
MA0123,re_rehab,re_rehab,1.0
MA0124,re_rehab,re_rehab,1.0
MA0125,re_rehab,re_rehab,1.0
MA0126,re_rehab,re_rehab,0.5666666666666667
MA0127,re_rehab,re_rehab,1.0
MA0128,re_rehab,re_rehab,1.0
MA0129,re_construction,re_construction,1.0
MA0132,business,business,1.0
MA0133,re_construction,re_construction,1.0
MA0134,re_rehab,re_rehab,1.0
MA0135,re_construction,re_construction,1.0
MA0136,re_construction,re_construction,1.0
MA0137,re_rehab,re_rehab,1.0
MA0140,re_construction,re_construction,1.0
MA0141,re_construction,re_construction,1.0
MA0144,business,business,1.0
MA0145,re_rehab,re_rehab,1.0
MA0146,business,business,1.0
MA0147,re_rehab,re_rehab,1.0
MA0149,business,business,1.0
MA0150,re_rehab,re_rehab,1.0
MA0152,business,business,1.0
MA0153,business,business,1.0
MA0154,re_construction,re_construction,0.864
MA0155,business,business,1.0
MA0156,re_construction,re_construction,1.0
MA0157,re_rehab,re_rehab,1.0
MA0158,re_construction,re_construction,1.0
MA0161,re_construction,re_construction,1.0
MA0162,business,business,1.0
MA0163,re_construction,re_construction,1.0
MA0164,re_rehab,re_rehab,1.0
MA0165,re_rehab,re_rehab,1.0
MA0166,re_rehab,re_rehab,1.0
MA0167,re_rehab,re_rehab,1.0
MA0168,re_construction,re_construction,1.0
MA0169,re_rehab,re_rehab,1.0
MA0170,re_rehab,re_rehab,0.6696183415705657
MA0173,re_rehab,re_rehab,1.0
MA0176,re_construction,re_construction,1.0
MA0177,re_construction,re_construction,1.0
MA0178,re_rehab,re_rehab,0.6678023850085179
MA0179,re_rehab,re_rehab,1.0
MA0180,business,business,1.0
MA0181,business,business,1.0
MA0182,business,business,1.0
MA0183,business,business,1.0
MA0184,re_rehab,re_rehab,1.0
MA0185,re_construction,re_construction,1.0
MA0186,business,business,1.0
MA0187,re_rehab,re_rehab,0.6250986582478295
MA0188,re_construction,re_construction,1.0
MA0189,re_construction,re_construction,1.0
MA0190,re_construction,re_construction,1.0
MA0191,business,business,1.0
MA0192,re_rehab,re_rehab,1.0
MA0193,re_construction,re_construction,1.0
MA0194,re_rehab,re_rehab,1.0
MA0195,re_rehab,re_rehab,1.0
MA0196,business,business,1.0
MA0197,re_rehab,re_rehab,1.0
MA0198,re_construction,re_construction,1.0
MA0199,business,business,1.0
MA0200,business,business,1.0
MA0201,re_construction,re_construction,1.0
MA0202,re_construction,re_construction,1.0
MA0203,re_rehab,re_rehab,1.0
MA0204,re_rehab,re_rehab,1.0
MA0205,re_rehab,re_rehab,0.5415809579782545
MA0206,re_rehab,re_rehab,1.0
MA0207,re_rehab,re_rehab,1.0
MA0208,re_construction,re_construction,1.0
MA0209,re_construction,re_construction,1.0
MA0210,business,business,1.0
MA0211,re_construction,re_construction,0.7832499106185199
MA0213,business,business,1.0
MA0214,re_rehab,re_rehab,1.0
MA0215,re_construction,re_construction,1.0
MA0216,re_construction,re_construction,1.0
MA0217,re_construction,re_construction,1.0
MA0218,business,business,1.0
MA0220,re_construction,re_construction,1.0
MA0221,re_construction,re_construction,1.0
MA0222,re_construction,re_construction,0.787463588305103
MA0223,business,business,1.0
MA0224,re_rehab,re_rehab,1.0
MA0225,business,business,1.0
MA0226,re_rehab,re_rehab,1.0
MA0227,business,business,1.0
MA0228,re_rehab,re_rehab,1.0
MA0230,re_rehab,re_rehab,1.0
MA0231,re_rehab,re_rehab,1.0
MA0232,re_construction,re_construction,1.0
MA0233,business,business,0.5335915822608767
MA0234,re_rehab,re_rehab,1.0
MA0235,re_rehab,re_rehab,1.0
MA0236,business,business,1.0
MA0237,re_rehab,re_rehab,1.0
MA0238,business,business,1.0
MA0239,business,business,1.0
MA0240,business,business,1.0
MA0241,re_rehab,re_rehab,1.0
MA0242,re_rehab,re_rehab,1.0
MA0243,business,business,1.0
MA0244,business,business,1.0
MA0245,re_rehab,re_rehab,1.0
MA0246,re_rehab,re_rehab,1.0
MA0247,re_rehab,re_rehab,1.0
MA0248,re_rehab,re_rehab,1.0
MA0249,re_construction,re_construction,1.0
MA0250,re_construction,re_construction,1.0
MA0251,business,business,1.0
MA0252,business,business,1.0
MA0253,housing_sf_rehab,other_small,1.0
MA0254,re_rehab,re_rehab,1.0
MA0255,re_construction,re_construction,1.0
MA0256,re_rehab,re_rehab,1.0
MA0257,re_construction,re_construction,1.0
MA0258,re_rehab,re_rehab,1.0
MA0259,re_construction,re_construction,1.0
MA0260,re_rehab,re_rehab,1.0
MA0261,re_rehab,re_rehab,1.0
MA0262,business,business,1.0
MA0263,business,business,1.0
MA0264,re_rehab,re_rehab,0.804195218389264
MA0265,re_construction,re_construction,1.0
MA0266,re_rehab,re_rehab,1.0
MA0267,re_rehab,re_rehab,1.0
MA0268,re_rehab,re_rehab,1.0
MA0269,business,business,1.0
MA0270,re_rehab,re_rehab,1.0
MA0271,re_rehab,re_rehab,1.0
MA0272,re_rehab,re_rehab,1.0
MA0273,re_construction,re_construction,0.7697179044329303
MA0274,re_rehab,re_rehab,1.0
MA0275,business,business,1.0
MA0276,re_rehab,re_rehab,1.0
MA0277,re_rehab,re_rehab,1.0
MA0278,re_rehab,re_rehab,1.0
MA0279,re_construction,re_construction,0.8792270531400966
MA0280,re_construction,re_construction,1.0
MA0281,re_construction,re_construction,1.0
MA0282,business,business,1.0
MA0283,business,business,1.0
MA0284,re_rehab,re_rehab,1.0
MA0285,re_construction,re_construction,1.0
MA0286,re_rehab,re_rehab,1.0
MA0287,re_rehab,re_rehab,1.0
MA0288,re_construction,re_construction,1.0
MA0289,re_construction,re_construction,1.0
MA0290,business,business,1.0
MA0291,re_rehab,re_rehab,1.0
MA0292,business,business,1.0
MA0293,re_construction,re_construction,0.7296678121420389
MA0294,re_rehab,re_rehab,1.0
MA0295,re_construction,re_construction,1.0
MA0296,business,business,1.0
MA0297,re_rehab,re_rehab,1.0
MA0298,re_rehab,re_rehab,1.0
MA0299,re_construction,re_construction,1.0
MA0300,re_rehab,re_rehab,1.0
MA0301,re_rehab,re_rehab,1.0
MA0302,re_construction,re_construction,1.0
MA0303,re_rehab,re_rehab,1.0
MA0304,re_rehab,re_rehab,1.0
MA0305,re_construction,re_construction,1.0
MA0306,re_construction,re_construction,1.0
MA0307,re_construction,re_construction,1.0
MA0308,re_construction,re_construction,1.0
MA0309,re_construction,re_construction,1.0
MA0311,re_rehab,re_rehab,1.0
MA0313,re_rehab,re_rehab,0.8166666666666667
MA0314,re_rehab,re_rehab,1.0
MA0315,re_construction,re_construction,0.7665369649805448
MA0316,business,business,1.0
MA0317,business,business,1.0
MA0318,re_rehab,re_rehab,1.0
MA0319,re_construction,re_construction,1.0
MA0320,business,business,1.0
MA0321,re_construction,re_construction,1.0
MA0322,re_rehab,re_rehab,1.0
MA0323,re_rehab,re_rehab,1.0
MA0324,re_rehab,re_rehab,1.0
MA0325,re_rehab,re_rehab,0.5076142131979695
MA0326,re_rehab,re_rehab,1.0
MA0327,business,business,1.0
MA0328,re_rehab,re_rehab,1.0
MA0329,re_construction,re_construction,1.0
MA0330,re_construction,re_construction,1.0
MA0331,re_construction,re_construction,1.0
MA0332,re_rehab,re_rehab,1.0
MA0333,re_rehab,re_rehab,1.0
MA0334,re_rehab,re_rehab,1.0
MA0335,re_rehab,re_rehab,1.0
MA0336,re_rehab,re_rehab,1.0
MA0337,re_rehab,re_rehab,1.0
MA0338,re_construction,re_construction,0.6888532477947072
MA0339,re_rehab,re_rehab,1.0
MA0340,re_rehab,re_rehab,1.0
MA0341,re_rehab,re_rehab,1.0
MA0342,re_construction,re_construction,1.0
MA0343,re_rehab,re_rehab,1.0
MA0344,re_construction,re_construction,1.0
MA0345,re_construction,re_construction,1.0
MA0346,re_construction,re_construction,1.0
MA0347,re_construction,re_construction,1.0
MA0348,re_construction,re_construction,1.0
MA0349,re_rehab,re_rehab,0.6434478956074251
MD0001,re_rehab,re_rehab,1.0
MD0002,re_rehab,re_rehab,1.0
MD0003,re_rehab,re_rehab,1.0
MD0004,re_rehab,re_rehab,1.0
MD0005,re_rehab,re_rehab,1.0
MD0006,re_rehab,re_rehab,1.0
MD0007,re_rehab,re_rehab,1.0
MD0008,re_rehab,re_rehab,1.0
MD0009,business,business,1.0
MD0010,other,other,1.0
MD0011,re_construction,re_construction,1.0
MD0012,business,business,1.0
MD0013,business,business,1.0
MD0014,business,business,1.0
MD0015,re_rehab,re_rehab,1.0
MD0018,business,business,1.0
MD0019,re_construction,re_construction,1.0
MD0021,housing_mf_new,other_small,1.0
MD0024,re_rehab,re_rehab,1.0
MD0025,re_construction,re_construction,1.0
MD0026,re_rehab,re_rehab,1.0
MD0027,business,business,1.0
MD0028,re_construction,re_construction,1.0
MD0030,re_rehab,re_rehab,1.0
MD0031,re_construction,re_construction,1.0
MD0032,re_rehab,re_rehab,1.0
MD0034,re_rehab,re_rehab,1.0
MD0035,business,business,1.0
MD0036,re_rehab,re_rehab,1.0
MD0039,business,business,1.0
MD0040,re_construction,re_construction,1.0
MD0041,re_rehab,re_rehab,1.0
MD0042,re_construction,re_construction,1.0
MD0043,re_construction,re_construction,1.0
MD0044,re_rehab,re_rehab,1.0
MD0045,re_construction,re_construction,1.0
MD0048,re_construction,re_construction,1.0
MD0049,re_rehab,re_rehab,1.0
MD0050,business,business,1.0
MD0051,re_construction,re_construction,1.0
MD0052,other,other,1.0
MD0053,re_rehab,re_rehab,1.0
MD0054,business,business,1.0
MD0055,business,business,1.0
MD0058,business,business,1.0
MD0061,housing_sf_new,housing_sf_new,1.0
MD0062,re_construction,re_construction,1.0
MD0063,re_rehab,re_rehab,1.0
MD0065,re_rehab,re_rehab,1.0
MD0066,re_rehab,re_rehab,1.0
MD0067,re_construction,re_construction,1.0
MD0068,re_rehab,re_rehab,0.6358339402767662
MD0069,re_rehab,re_rehab,1.0
MD0071,business,business,1.0
MD0072,business,business,1.0
MD0073,business,business,1.0
MD0074,business,business,1.0
MD0075,business,business,1.0
MD0076,business,business,1.0
MD0077,business,business,1.0
MD0078,re_rehab,re_rehab,1.0
MD0079,business,business,1.0
MD0080,business,business,0.5474339035769828
MD0081,re_rehab,re_rehab,1.0
MD0082,housing_sf_new,housing_sf_new,1.0
MD0083,business,business,1.0
MD0084,re_construction,re_construction,0.5974863432866472
MD0085,re_rehab,re_rehab,1.0
MD0086,re_rehab,re_rehab,1.0
MD0087,re_rehab,re_rehab,0.5555555555555556
MD0088,re_construction,re_construction,1.0
MD0089,re_construction,re_construction,1.0
MD0090,re_rehab,re_rehab,1.0
MD0091,re_construction,re_construction,1.0
MD0092,re_rehab,re_rehab,1.0
MD0093,re_rehab,re_rehab,1.0
MD0094,re_rehab,re_rehab,1.0
MD0095,re_construction,re_construction,1.0
MD0096,re_rehab,re_rehab,1.0
MD0097,re_rehab,re_rehab,1.0
MD0098,re_rehab,re_rehab,1.0
MD0099,re_construction,re_construction,1.0
MD0100,business,business,1.0
MD0101,re_construction,re_construction,1.0
MD0104,re_rehab,re_rehab,1.0
MD0105,business,business,1.0
MD0106,re_rehab,re_rehab,1.0
MD0107,re_construction,re_construction,1.0
MD0108,re_construction,re_construction,1.0
MD0109,re_rehab,re_rehab,1.0
MD0110,re_rehab,re_rehab,1.0
MD0111,re_construction,re_construction,1.0
MD0112,re_construction,re_construction,1.0
MD0113,re_construction,re_construction,0.6308851224105462
MD0114,re_rehab,re_rehab,1.0
MD0115,re_construction,re_construction,1.0
MD0116,re_construction,re_construction,1.0
MD0117,re_rehab,re_rehab,1.0
MD0118,re_construction,re_construction,1.0
MD0119,re_construction,re_construction,1.0
MD0120,re_construction,re_construction,1.0
MD0121,re_construction,re_construction,1.0
MD0122,re_rehab,re_rehab,1.0
MD0125,housing_sf_new,housing_sf_new,1.0
MD0126,re_rehab,re_rehab,1.0
MD0127,business,business,1.0
MD0128,re_construction,re_construction,1.0
MD0129,re_rehab,re_rehab,1.0
MD0130,re_rehab,re_rehab,1.0
ME0001,business,business,1.0
ME0003,re_rehab,re_rehab,1.0
ME0004,re_rehab,re_rehab,1.0
ME0005,business,business,1.0
ME0006,re_construction,re_construction,1.0
ME0007,business,business,1.0
ME0008,business,business,1.0
ME0009,re_rehab,re_rehab,1.0
ME0010,business,business,1.0
ME0016,business,business,1.0
ME0017,business,business,1.0
ME0018,business,business,1.0
ME0019,re_rehab,re_rehab,1.0
ME0020,business,business,1.0
ME0021,business,business,1.0
ME0022,re_rehab,re_rehab,1.0
ME0023,business,business,1.0
ME0024,business,business,1.0
ME0025,re_rehab,re_rehab,1.0
ME0026,business,business,1.0
ME0027,re_rehab,re_rehab,1.0
ME0028,re_construction,re_construction,1.0
ME0031,business,business,1.0
ME0032,business,business,1.0
ME0033,re_construction,re_construction,1.0
ME0034,business,business,1.0
ME0035,business,business,1.0
ME0036,business,business,1.0
ME0037,business,business,1.0
ME0038,business,business,1.0
ME0039,re_construction,re_construction,1.0
ME0040,re_rehab,re_rehab,1.0
ME0041,other,other,0.8810638034019558
ME0042,business,business,1.0
ME0045,re_rehab,re_rehab,1.0
ME0046,business,business,1.0
ME0047,business,business,1.0
ME0048,re_rehab,re_rehab,1.0
ME0049,re_rehab,re_rehab,1.0
ME0053,business,business,1.0
ME0057,business,business,1.0
MI0001,re_rehab,re_rehab,1.0
MI0002,business,business,1.0
MI0003,re_rehab,re_rehab,1.0
MI0004,re_rehab,re_rehab,1.0
MI0005,re_rehab,re_rehab,1.0
MI0006,re_rehab,re_rehab,1.0
MI0007,re_rehab,re_rehab,1.0
MI0008,re_construction,re_construction,1.0
MI0009,business,business,1.0
MI0010,re_construction,re_construction,1.0
MI0011,re_construction,re_construction,1.0
MI0012,re_rehab,re_rehab,1.0
MI0013,re_rehab,re_rehab,1.0
MI0014,business,business,1.0
MI0018,re_construction,re_construction,1.0
MI0019,re_rehab,re_rehab,1.0
MI0025,re_construction,re_construction,1.0
MI0026,business,business,1.0
MI0027,re_rehab,re_rehab,1.0
MI0028,housing_sf_new,housing_sf_new,1.0
MI0029,re_rehab,re_rehab,1.0
MI0030,re_rehab,re_rehab,1.0
MI0031,re_rehab,re_rehab,1.0
MI0032,re_rehab,re_rehab,1.0
MI0033,business,business,1.0
MI0035,re_rehab,re_rehab,1.0
MI0036,re_rehab,re_rehab,1.0
MI0037,re_rehab,re_rehab,1.0
MI0038,re_rehab,re_rehab,1.0
MI0039,re_construction,re_construction,1.0
MI0040,re_rehab,re_rehab,1.0
MI0041,business,business,1.0
MI0042,re_construction,re_construction,1.0
MI0043,re_construction,re_construction,1.0
MI0044,re_construction,re_construction,1.0
MI0045,re_rehab,re_rehab,1.0
MI0046,business,business,1.0
MI0047,re_rehab,re_rehab,1.0
MI0048,business,business,1.0
MI0049,re_construction,re_construction,1.0
MI0051,re_rehab,re_rehab,0.6208857487506462
MI0054,business,business,1.0
MI0055,business,business,1.0
MI0057,re_rehab,re_rehab,0.602407849868568
MI0058,business,business,1.0
MI0059,business,business,0.5987717502558854
MI0060,business,business,0.5105263157894737
MI0061,re_construction,re_construction,1.0
MI0062,re_rehab,re_rehab,1.0
MI0063,re_rehab,re_rehab,1.0
MI0064,business,business,0.5894800483675937
MI0065,re_rehab,re_rehab,1.0
MI0066,business,business,1.0
MI0067,re_rehab,re_rehab,1.0
MI0068,re_construction,re_construction,1.0
MI0069,housing_sf_new,housing_sf_new,1.0
MI0070,re_construction,re_construction,1.0
MI0071,re_rehab,re_rehab,1.0
MI0072,business,business,1.0
MI0073,re_rehab,re_rehab,1.0
MI0075,re_rehab,re_rehab,1.0
MI0076,re_construction,re_construction,1.0
MI0077,re_construction,re_construction,1.0
MI0078,re_construction,re_construction,1.0
MI0079,re_rehab,re_rehab,1.0
MI0080,re_construction,re_construction,1.0
MI0081,re_construction,re_construction,1.0
MI0082,business,business,1.0
MI0083,business,business,1.0
MI0084,business,business,1.0
MI0085,re_rehab,re_rehab,1.0
MI0086,re_rehab,re_rehab,1.0
MI0087,re_rehab,re_rehab,1.0
MI0088,re_rehab,re_rehab,1.0
MI0089,re_rehab,re_rehab,1.0
MI0090,re_rehab,re_rehab,0.775491113189897
MI0091,re_rehab,re_rehab,0.6598639455782312
MI0092,re_rehab,re_rehab,1.0
MI0093,business,business,1.0
MI0094,business,business,1.0
MI0095,re_rehab,re_rehab,1.0
MI0096,re_rehab,re_rehab,1.0
MI0097,re_construction,re_construction,1.0
MI0098,business,business,0.520034822141078
MI0099,business,business,1.0
MI0100,business,business,1.0
MI0101,housing_sf_new,housing_sf_new,1.0
MI0102,re_construction,re_construction,1.0
MI0103,re_rehab,re_rehab,1.0
MI0104,re_rehab,re_rehab,1.0
MI0105,re_construction,re_construction,1.0
MI0106,business,business,1.0
MI0107,re_construction,re_construction,1.0
MI0108,re_rehab,re_rehab,1.0
MI0109,re_construction,re_construction,1.0
MI0110,re_construction,re_construction,1.0
MI0111,re_rehab,re_rehab,1.0
MI0112,other,other,1.0
MI0113,re_rehab,re_rehab,1.0
MI0114,re_rehab,re_rehab,0.5025380710659898
MI0115,business,business,1.0
MI0116,business,business,1.0
MI0117,re_construction,re_construction,1.0
MI0118,business,business,1.0
MI0119,business,business,1.0
MI0120,re_rehab,re_rehab,1.0
MI0121,re_construction,re_construction,1.0
MI0122,re_rehab,re_rehab,1.0
MI0123,re_rehab,re_rehab,1.0
MI0124,housing_sf_new,housing_sf_new,1.0
MI0125,housing_sf_new,housing_sf_new,1.0
MI0126,business,business,1.0
MI0127,business,business,1.0
MI0128,re_construction,re_construction,1.0
MI0129,re_construction,re_construction,1.0
MI0130,business,business,1.0
MI0131,housing_sf_new,housing_sf_new,1.0
MI0132,re_construction,re_construction,1.0
MI0133,re_construction,re_construction,1.0
MI0134,re_rehab,re_rehab,1.0
MI0135,other,other,1.0
MI0136,re_rehab,re_rehab,1.0
MI0137,re_construction,re_construction,1.0
MI0138,business,business,1.0
MI0139,re_construction,re_construction,1.0
MI0140,re_construction,re_construction,1.0
MI0141,re_construction,re_construction,0.8474059003051883
MI0142,re_construction,re_construction,1.0
MI0143,re_rehab,re_rehab,1.0
MI0144,business,business,1.0
MI0145,re_rehab,re_rehab,1.0
MI0146,re_rehab,re_rehab,1.0
MI0147,business,business,0.6545454545454545
MI0148,business,business,1.0
MI0149,business,business,1.0
MI0150,re_rehab,re_rehab,1.0
MI0151,re_construction,re_construction,1.0
MI0152,business,business,1.0
MI0153,housing_sf_new,housing_sf_new,1.0
MI0154,re_construction,re_construction,0.5806938159879337
MI0155,business,business,1.0
MI0156,re_construction,re_construction,1.0
MI0157,re_rehab,re_rehab,1.0
MI0158,re_rehab,re_rehab,1.0
MI0159,re_construction,re_construction,1.0
MI0160,re_rehab,re_rehab,1.0
MI0161,re_construction,re_construction,1.0
MI0162,re_rehab,re_rehab,1.0
MI0163,re_rehab,re_rehab,0.5444737954545454
MI0164,business,business,1.0
MI0165,re_construction,re_construction,1.0
MI0166,re_construction,re_construction,1.0
MI0167,re_rehab,re_rehab,1.0
MI0168,re_construction,re_construction,1.0
MI0174,re_construction,re_construction,1.0
MI0175,business,business,1.0
MN0001,business,business,1.0
MN0002,business,business,1.0
MN0003,business,business,1.0
MN0005,business,business,1.0
MN0006,business,business,1.0
MN0007,business,business,1.0
MN0008,re_rehab,re_rehab,1.0
MN0009,business,business,1.0
MN0010,business,business,1.0
MN0011,re_rehab,re_rehab,1.0
MN0013,re_construction,re_construction,1.0
MN0014,re_construction,re_construction,1.0
MN0015,business,business,1.0
MN0016,re_rehab,re_rehab,0.5800435940905788
MN0019,re_rehab,re_rehab,1.0
MN0020,business,business,1.0
MN0021,business,business,1.0
MN0022,business,business,1.0
MN0024,re_rehab,re_rehab,1.0
MN0025,re_rehab,re_rehab,1.0
MN0026,business,business,1.0
MN0027,re_rehab,re_rehab,1.0
MN0028,business,business,1.0
MN0030,business,business,1.0
MN0031,re_rehab,re_rehab,1.0
MN0033,re_construction,re_construction,0.7876080586951151
MN0035,business,business,1.0
MN0036,business,business,1.0
MN0037,business,business,1.0
MN0038,re_construction,re_construction,1.0
MN0039,business,business,1.0
MN0040,business,business,1.0
MN0041,business,business,1.0
MN0042,business,business,1.0
MN0044,business,business,1.0
MN0045,business,business,1.0
MN0046,business,business,1.0
MN0047,business,business,1.0
MN0049,business,business,1.0
MN0051,business,business,1.0
MN0052,business,business,1.0
MN0053,business,business,1.0
MN0054,business,business,1.0
MN0055,business,business,1.0
MN0056,re_rehab,re_rehab,1.0
MN0057,business,business,1.0
MN0058,business,business,1.0
MN0059,re_rehab,re_rehab,1.0
MN0060,business,business,1.0
MN0061,business,business,1.0
MN0062,business,business,1.0
MN0064,business,business,1.0
MN0065,business,business,1.0
MN0066,re_construction,re_construction,1.0
MN0067,business,business,1.0
MN0068,business,business,1.0
MN0069,re_construction,re_construction,1.0
MN0070,business,business,1.0
MN0071,business,business,1.0
MN0072,re_rehab,re_rehab,1.0
MN0075,business,business,1.0
MN0076,re_rehab,re_rehab,1.0
MN0077,business,business,1.0
MN0078,re_rehab,re_rehab,1.0
MN0079,re_construction,re_construction,1.0
MN0080,business,business,1.0
MN0081,business,business,1.0
MN0082,business,business,1.0
MN0084,re_rehab,re_rehab,1.0
MN0085,re_rehab,re_rehab,1.0
MN0086,business,business,1.0
MN0087,business,business,1.0
MN0088,business,business,1.0
MN0089,re_construction,re_construction,1.0
MN0091,re_construction,re_construction,1.0
MN0092,business,business,1.0
MN0093,re_construction,re_construction,1.0
MN0094,business,business,1.0
MN0095,business,business,1.0
MN0096,business,business,1.0
MN0097,business,business,1.0
MN0098,business,business,1.0
MN0099,business,business,1.0
MN0100,business,business,1.0
MN0101,business,business,1.0
MN0102,business,business,1.0
MN0103,business,business,1.0
MN0104,business,business,1.0
MN0105,business,business,1.0
MN0106,business,business,1.0
MN0107,business,business,1.0
MN0108,business,business,1.0
MN0109,business,business,1.0
MN0110,business,business,1.0
MN0111,business,business,1.0
MN0112,business,business,1.0
MN0113,business,business,1.0
MN0114,business,business,0.85
MN0115,re_construction,re_construction,1.0
MN0116,re_rehab,re_rehab,1.0
MN0117,business,business,1.0
MN0118,re_construction,re_construction,1.0
MN0119,business,business,1.0
MN0120,re_construction,re_construction,1.0
MN0121,business,business,1.0
MN0123,business,business,1.0
MN0124,re_rehab,re_rehab,1.0
MN0125,business,business,1.0
MN0126,business,business,1.0
MN0127,business,business,1.0
MN0128,business,business,1.0
MN0129,business,business,1.0
MN0130,business,business,1.0
MN0131,business,business,1.0
MN0132,re_construction,re_construction,1.0
MN0133,business,business,1.0
MN0134,re_construction,re_construction,1.0
MN0135,business,business,1.0
MN0136,business,business,1.0
MN0137,re_construction,re_construction,1.0
MN0138,re_construction,re_construction,1.0
MN0139,re_construction,re_construction,1.0
MN0140,re_rehab,re_rehab,1.0
MN0141,re_construction,re_construction,1.0
MN0142,re_construction,re_construction,1.0
MN0143,business,business,1.0
MN0144,re_rehab,re_rehab,1.0
MN0145,re_rehab,re_rehab,1.0
MN0147,re_rehab,re_rehab,1.0
MN0148,re_construction,re_construction,1.0
MN0149,re_construction,re_construction,1.0
MN0150,re_rehab,re_rehab,0.6762589928057554
MN0151,business,business,1.0
MN0152,re_rehab,re_rehab,1.0
MN0153,business,business,1.0
MN0155,re_rehab,re_rehab,0.6888943333333334
MN0156,re_construction,re_construction,1.0
MN0157,re_construction,re_construction,1.0
MN0158,re_construction,re_construction,1.0
MN0159,re_construction,re_construction,1.0
MN0160,business,business,1.0
MN0161,re_construction,re_construction,1.0
MN0162,re_rehab,re_rehab,1.0
MN0163,business,business,1.0
MN0164,business,business,1.0
MN0165,re_construction,re_construction,1.0
MN0166,business,business,1.0
MN0167,business,business,1.0
MN0168,re_construction,re_construction,1.0
MN0169,business,business,1.0
MN0170,business,business,0.6934537246049661
MN0171,re_rehab,re_rehab,1.0
MN0172,re_rehab,re_rehab,1.0
MN0173,re_construction,re_construction,1.0
MN0175,re_construction,re_construction,1.0
MN0176,business,business,1.0
MN0177,re_construction,re_construction,1.0
MN0178,re_construction,re_construction,1.0
MN0180,re_construction,re_construction,1.0
MN0182,re_rehab,re_rehab,1.0
MN0183,re_rehab,re_rehab,1.0
MN0184,re_construction,re_construction,1.0
MN0186,re_construction,re_construction,1.0
MN0187,re_construction,re_construction,1.0
MN0188,re_construction,re_construction,1.0
MN0189,re_rehab,re_rehab,1.0
MN0190,re_construction,re_construction,1.0
MN0191,re_rehab,re_rehab,1.0
MN0192,business,business,1.0
MN0193,re_construction,re_construction,1.0
MN0194,re_rehab,re_rehab,1.0
MN0195,re_construction,re_construction,1.0
MN0196,re_rehab,re_rehab,1.0
MN0197,business,business,1.0
MN0198,re_construction,re_construction,1.0
MN0199,business,business,1.0
MN0200,re_construction,re_construction,1.0
MN0201,re_construction,re_construction,1.0
MN0202,re_rehab,re_rehab,1.0
MN0203,re_rehab,re_rehab,1.0
MN0204,re_construction,re_construction,1.0
MN0205,re_rehab,re_rehab,0.84472049689441
MN0206,re_construction,re_construction,1.0
MN0207,business,business,1.0
MN0208,re_construction,re_construction,1.0
MN0209,re_rehab,re_rehab,1.0
MN0210,re_rehab,re_rehab,1.0
MN0211,re_construction,re_construction,1.0
MN0212,re_rehab,re_rehab,1.0
MN0213,re_rehab,re_rehab,1.0
MN0214,re_rehab,re_rehab,1.0
MN0215,housing_sf_new,housing_sf_new,1.0
MN0216,business,business,1.0
MN0217,re_construction,re_construction,1.0
MN0218,re_construction,re_construction,1.0
MN0219,re_construction,re_construction,1.0
MN0220,re_construction,re_construction,1.0
MN0221,re_construction,re_construction,1.0
MN0222,re_construction,re_construction,1.0
MN0223,re_construction,re_construction,1.0
MN0224,re_construction,re_construction,1.0
MN0225,re_construction,re_construction,1.0
MN0226,re_construction,re_construction,1.0
MN0227,re_construction,re_construction,1.0
MN0228,re_rehab,re_rehab,1.0
MN0229,re_construction,re_construction,1.0
MN0230,housing_sf_new,housing_sf_new,1.0
MN0231,re_construction,re_construction,1.0
MN0232,housing_sf_new,housing_sf_new,1.0
MN0233,business,business,1.0
MN0234,business,business,1.0
MN0235,re_construction,re_construction,1.0
MN0236,re_rehab,re_rehab,1.0
MN0237,re_construction,re_construction,1.0
MN0238,re_rehab,re_rehab,0.8379281537176274
MN0239,re_rehab,re_rehab,1.0
MN0240,re_construction,re_construction,0.671280276816609
MN0241,re_construction,re_construction,1.0
MN0242,business,business,1.0
MN0243,business,business,1.0
MN0244,re_construction,re_construction,1.0
MN0245,business,business,1.0
MN0246,re_rehab,re_rehab,1.0
MN0247,re_rehab,re_rehab,1.0
MN0248,re_construction,re_construction,1.0
MN0249,re_construction,re_construction,1.0
MN0250,re_construction,re_construction,1.0
MN0251,re_construction,re_construction,1.0
MN0252,re_rehab,re_rehab,1.0
MN0253,re_construction,re_construction,1.0
MN0254,re_rehab,re_rehab,1.0
MN0255,re_rehab,re_rehab,1.0
MN0256,re_construction,re_construction,1.0
MN0257,re_rehab,re_rehab,1.0
MN0258,re_construction,re_construction,1.0
MN0259,re_rehab,re_rehab,0.64
MN0260,re_rehab,re_rehab,1.0
MN0261,re_rehab,re_rehab,1.0
MN0262,re_rehab,re_rehab,1.0
MN0263,re_rehab,re_rehab,1.0
MN0264,re_rehab,re_rehab,1.0
MN0265,re_rehab,re_rehab,1.0
MN0266,re_rehab,re_rehab,1.0
MN0267,housing_sf_new,housing_sf_new,1.0
MN0268,re_construction,re_construction,1.0
MN0269,re_construction,re_construction,1.0
MN0270,re_construction,re_construction,1.0
MN0271,re_construction,re_construction,1.0
MN0276,re_construction,re_construction,1.0
MN0277,business,business,1.0
MN0278,re_construction,re_construction,1.0
MN0288,re_rehab,re_rehab,1.0
MN0289,re_rehab,re_rehab,1.0
MN0293,re_construction,re_construction,1.0
MN0294,re_rehab,re_rehab,1.0
MN0295,re_construction,re_construction,1.0
MN0297,re_construction,re_construction,1.0
MN0298,re_rehab,re_rehab,1.0
MN0299,re_rehab,re_rehab,1.0
MN0300,re_rehab,re_rehab,1.0
MN0301,re_rehab,re_rehab,1.0
MN0302,re_rehab,re_rehab,1.0
MN0303,re_rehab,re_rehab,1.0
MN0304,re_rehab,re_rehab,1.0
MN0305,re_rehab,re_rehab,1.0
MN0306,re_rehab,re_rehab,0.6024844720496895
MN0307,re_rehab,re_rehab,1.0
MN0308,re_rehab,re_rehab,1.0
MN0309,re_rehab,re_rehab,1.0
MN0310,re_rehab,re_rehab,1.0
MN0311,re_rehab,re_rehab,1.0
MN0313,business,business,1.0
MN0314,re_construction,re_construction,1.0
MN0315,re_construction,re_construction,1.0
MO0002,business,business,1.0
MO0003,re_construction,re_construction,1.0
MO0004,business,business,1.0
MO0005,business,business,1.0
MO0006,re_rehab,re_rehab,1.0
MO0007,business,business,1.0
MO0008,business,business,1.0
MO0010,business,business,1.0
MO0011,business,business,1.0
MO0012,business,business,1.0
MO0013,business,business,1.0
MO0014,business,business,1.0
MO0015,re_rehab,re_rehab,1.0
MO0016,business,business,1.0
MO0020,re_rehab,re_rehab,1.0
MO0021,re_rehab,re_rehab,1.0
MO0022,business,business,1.0
MO0023,re_construction,re_construction,1.0
MO0024,housing_sf_new,housing_sf_new,1.0
MO0029,business,business,1.0
MO0030,business,business,1.0
MO0031,business,business,1.0
MO0032,business,business,1.0
MO0033,business,business,1.0
MO0034,business,business,1.0
MO0035,business,business,1.0
MO0036,business,business,1.0
MO0037,re_rehab,re_rehab,1.0
MO0038,re_rehab,re_rehab,1.0
MO0039,re_rehab,re_rehab,1.0
MO0040,re_rehab,re_rehab,1.0
MO0041,re_rehab,re_rehab,1.0
MO0042,other,other,1.0
MO0043,business,business,1.0
MO0045,re_rehab,re_rehab,1.0
MO0047,re_construction,re_construction,1.0
MO0049,business,business,1.0
MO0050,business,business,1.0
MO0051,re_construction,re_construction,1.0
MO0053,business,business,1.0
MO0054,re_rehab,re_rehab,0.7319118764848312
MO0057,re_rehab,re_rehab,1.0
MO0058,business,business,1.0
MO0059,re_rehab,re_rehab,1.0
MO0060,business,business,1.0
MO0062,re_rehab,re_rehab,1.0
MO0063,re_rehab,re_rehab,1.0
MO0065,business,business,0.5078534031413613
MO0066,re_construction,re_construction,1.0
MO0068,business,business,1.0
MO0069,re_rehab,re_rehab,1.0
MO0070,re_rehab,re_rehab,1.0
MO0072,re_rehab,re_rehab,1.0
MO0073,business,business,1.0
MO0074,re_rehab,re_rehab,1.0
MO0075,re_rehab,re_rehab,1.0
MO0076,re_rehab,re_rehab,1.0
MO0078,business,business,1.0
MO0079,re_construction,re_construction,1.0
MO0080,business,business,1.0
MO0081,business,business,1.0
MO0082,business,business,1.0
MO0083,business,business,1.0
MO0084,re_construction,re_construction,1.0
MO0085,housing_sf_new,housing_sf_new,1.0
MO0086,business,business,1.0
MO0087,business,business,1.0
MO0090,business,business,1.0
MO0091,re_rehab,re_rehab,1.0
MO0092,business,business,1.0
MO0093,re_rehab,re_rehab,1.0
MO0094,re_rehab,re_rehab,1.0
MO0095,business,business,1.0
MO0096,business,business,1.0
MO0097,re_rehab,re_rehab,1.0
MO0098,business,business,1.0
MO0099,business,business,1.0
MO0100,business,business,1.0
MO0101,business,business,1.0
MO0102,business,business,1.0
MO0103,re_rehab,re_rehab,1.0
MO0104,re_construction,re_construction,1.0
MO0105,re_rehab,re_rehab,1.0
MO0107,business,business,1.0
MO0110,re_rehab,re_rehab,0.5051725794749743
MO0113,business,business,1.0
MO0114,re_construction,re_construction,1.0
MO0115,re_rehab,re_rehab,1.0
MO0117,business,business,1.0
MO0118,business,business,1.0
MO0119,re_rehab,re_rehab,1.0
MO0120,re_rehab,re_rehab,1.0
MO0121,business,business,1.0
MO0123,business,business,1.0
MO0124,business,business,1.0
MO0125,business,business,1.0
MO0126,re_construction,re_construction,1.0
MO0127,re_rehab,re_rehab,1.0
MO0128,business,business,1.0
MO0130,business,business,1.0
MO0131,business,business,1.0
MO0132,re_construction,re_construction,0.5050505050505051
MO0133,re_rehab,re_rehab,1.0
MO0134,re_rehab,re_rehab,1.0
MO0135,re_rehab,re_rehab,1.0
MO0136,business,business,1.0
MO0137,re_rehab,re_rehab,1.0
MO0138,business,business,1.0
MO0139,re_construction,re_construction,1.0
MO0140,business,business,1.0
MO0141,business,business,1.0
MO0142,business,business,1.0
MO0143,business,business,1.0
MO0144,re_rehab,re_rehab,1.0
MO0145,re_rehab,re_rehab,1.0
MO0146,business,business,1.0
MO0147,re_rehab,re_rehab,1.0
MO0148,business,business,1.0
MO0149,re_rehab,re_rehab,1.0
MO0150,business,business,1.0
MO0151,business,business,1.0
MO0152,re_rehab,re_rehab,0.5168315273003962
MO0153,business,business,1.0
MO0154,re_construction,re_construction,1.0
MO0155,business,business,1.0
MO0156,business,business,1.0
MO0157,re_rehab,re_rehab,1.0
MO0158,re_rehab,re_rehab,1.0
MO0159,re_construction,re_construction,1.0
MO0160,re_rehab,re_rehab,1.0
MO0161,business,business,1.0
MO0162,re_rehab,re_rehab,1.0
MO0164,re_rehab,re_rehab,1.0
MO0165,business,business,1.0
MO0166,re_rehab,re_rehab,1.0
MO0167,business,business,1.0
MO0168,re_rehab,re_rehab,1.0
MO0169,re_construction,re_construction,1.0
MO0170,re_construction,re_construction,1.0
MO0171,re_construction,re_construction,1.0
MO0172,business,business,1.0
MO0173,re_rehab,re_rehab,1.0
MO0174,re_rehab,re_rehab,1.0
MO0175,re_rehab,re_rehab,1.0
MO0176,re_rehab,re_rehab,1.0
MO0177,business,business,1.0
MO0179,re_rehab,re_rehab,1.0
MO0180,business,business,1.0
MO0181,re_rehab,re_rehab,1.0
MO0182,re_rehab,re_rehab,1.0
MO0183,business,business,1.0
MO0184,business,business,1.0
MO0185,re_construction,re_construction,1.0
MO0186,re_rehab,re_rehab,1.0
MO0187,business,business,1.0
MO0188,housing_sf_rehab,other_small,1.0
MO0189,re_construction,re_construction,1.0
MO0190,re_construction,re_construction,1.0
MO0191,re_rehab,re_rehab,0.8045862412761715
MO0192,re_rehab,re_rehab,1.0
MO0193,re_rehab,re_rehab,1.0
MO0194,re_rehab,re_rehab,1.0
MO0195,business,business,1.0
MO0196,re_rehab,re_rehab,1.0
MO0197,re_rehab,re_rehab,1.0
MO0198,re_rehab,re_rehab,1.0
MO0199,re_rehab,re_rehab,1.0
MO0200,re_construction,re_construction,1.0
MO0201,re_construction,re_construction,1.0
MO0202,business,business,1.0
MO0203,re_construction,re_construction,1.0
MO0204,re_rehab,re_rehab,1.0
MO0205,business,business,1.0
MO0207,re_construction,re_construction,1.0
MO0208,business,business,1.0
MO0209,business,business,1.0
MO0210,re_rehab,re_rehab,0.7692307692307693
MO0211,re_rehab,re_rehab,1.0
MO0212,business,business,1.0
MO0213,re_construction,re_construction,1.0
MO0214,re_construction,re_construction,1.0
MO0215,re_construction,re_construction,1.0
MO0216,re_rehab,re_rehab,1.0
MO0218,re_construction,re_construction,1.0
MO0219,re_construction,re_construction,1.0
MO0220,business,business,1.0
MO0221,re_rehab,re_rehab,1.0
MO0222,re_construction,re_construction,1.0
MO0223,business,business,1.0
MO0224,re_construction,re_construction,1.0
MO0225,business,business,1.0
MO0226,re_rehab,re_rehab,1.0
MO0227,business,business,1.0
MO0229,business,business,1.0
MO0230,re_construction,re_construction,1.0
MO0231,business,business,1.0
MO0232,business,business,1.0
MO0233,business,business,1.0
MO0235,business,business,1.0
MO0236,business,business,1.0
MO0237,business,business,1.0
MO0238,business,business,1.0
MO0239,business,business,1.0
MO0240,business,business,1.0
MO0241,business,business,1.0
MO0242,business,business,1.0
MO0243,business,business,1.0
MO0244,business,business,1.0
MO0245,business,business,1.0
MO0246,business,business,1.0
MO0247,business,business,1.0
MO0248,business,business,1.0
MO0249,business,business,1.0
MO0250,business,business,1.0
MO0251,business,business,1.0
MO0252,business,business,1.0
MO0253,business,business,1.0
MO0254,business,business,1.0
MO0255,business,business,1.0
MO0256,business,business,1.0
MO0257,business,business,1.0
MO0258,business,business,1.0
MO0259,business,business,1.0
MO0260,business,business,1.0
MO0261,business,business,1.0
MO0262,business,business,1.0
MO0263,business,business,1.0
MO0264,business,business,1.0
MO0265,business,business,1.0
MO0266,business,business,1.0
MO0267,business,business,1.0
MO0268,business,business,1.0
MO0269,business,business,1.0
MO0270,business,business,1.0
MO0271,business,business,1.0
MO0272,business,business,1.0
MO0273,business,business,1.0
MO0274,business,business,1.0
MO0275,business,business,1.0
MO0276,business,business,1.0
MO0277,business,business,1.0
MO0278,business,business,1.0
MO0279,business,business,1.0
MO0280,business,business,1.0
MO0281,business,business,1.0
MO0282,business,business,1.0
MO0283,business,business,1.0
MO0284,business,business,1.0
MO0285,business,business,1.0
MO0286,business,business,1.0
MO0287,re_rehab,re_rehab,1.0
MO0288,business,business,1.0
MO0289,re_rehab,re_rehab,1.0
MO0290,re_construction,re_construction,1.0
MO0291,re_rehab,re_rehab,1.0
MO0292,re_rehab,re_rehab,1.0
MO0293,business,business,1.0
MO0294,business,business,1.0
MO0295,business,business,1.0
MO0296,re_construction,re_construction,1.0
MO0297,business,business,1.0
MO0298,business,business,1.0
MO0299,business,business,1.0
MO0300,re_construction,re_construction,1.0
MO0301,re_construction,re_construction,1.0
MO0302,business,business,1.0
MO0303,business,business,1.0
MO0304,business,business,1.0
MO0305,business,business,1.0
MO0306,business,business,1.0
MO0307,business,business,1.0
MO0308,business,business,1.0
MO0309,business,business,1.0
MO0310,business,business,1.0
MO0311,business,business,1.0
MO0312,business,business,1.0
MO0313,business,business,1.0
MO0314,business,business,1.0
MO0315,business,business,1.0
MO0316,business,business,1.0
MO0317,business,business,1.0
MO0318,business,business,1.0
MO0319,business,business,1.0
MO0320,business,business,1.0
MO0321,business,business,1.0
MO0322,business,business,1.0
MO0323,business,business,1.0
MO0324,business,business,1.0
MO0325,business,business,1.0
MO0326,business,business,1.0
MO0327,business,business,1.0
MO0328,business,business,1.0
MO0329,business,business,1.0
MO0330,business,business,1.0
MO0331,business,business,1.0
MO0332,business,business,1.0
MO0333,business,business,1.0
MO0334,business,business,1.0
MO0335,re_rehab,re_rehab,1.0
MO0337,re_construction,re_construction,1.0
MO0338,re_rehab,re_rehab,1.0
MO0339,re_rehab,re_rehab,1.0
MO0340,business,business,1.0
MO0341,business,business,1.0
MO0342,business,business,1.0
MO0343,business,business,1.0
MO0344,business,business,1.0
MO0345,business,business,1.0
MO0346,re_rehab,re_rehab,1.0
MO0347,business,business,1.0
MO0348,business,business,1.0
MO0349,business,business,1.0
MO0350,re_construction,re_construction,1.0
MO0351,re_construction,re_construction,1.0
MO0352,business,business,1.0
MO0353,business,business,1.0
MO0354,re_rehab,re_rehab,0.5950413223140496
MO0355,business,business,1.0
MO0356,business,business,1.0
MO0357,re_construction,re_construction,1.0
MO0358,re_construction,re_construction,1.0
MO0359,re_rehab,re_rehab,1.0
MO0360,re_rehab,re_rehab,1.0
MO0362,re_rehab,re_rehab,1.0
MO0363,business,business,1.0
MO0365,business,business,1.0
MO0370,business,business,1.0
MO0372,business,business,1.0
MO0375,business,business,1.0
MO0378,business,business,1.0
MO0379,business,business,1.0
MO0380,business,business,1.0
MO0381,business,business,1.0
MO0382,business,business,1.0
MO0384,business,business,1.0
MO0385,business,business,1.0
MO0386,business,business,1.0
MO0388,business,business,1.0
MO0389,business,business,1.0
MO0391,business,business,1.0
MO0392,business,business,1.0
MO0393,business,business,1.0
MO0394,business,business,1.0
MO0396,business,business,1.0
MO0397,re_rehab,re_rehab,1.0
MO0398,re_construction,re_construction,1.0
MO0400,re_construction,re_construction,1.0
MO0401,re_rehab,re_rehab,1.0
MO0402,re_rehab,re_rehab,1.0
MO0403,business,business,1.0
MO0404,business,business,1.0
MO0405,business,business,1.0
MO0406,business,business,1.0
MO0408,business,business,1.0
MO0409,business,business,1.0
MO0411,re_construction,re_construction,1.0
MO0412,business,business,1.0
MO0413,re_construction,re_construction,1.0
MO0414,business,business,1.0
MO0415,business,business,1.0
MO0416,business,business,1.0
MO0417,business,business,1.0
MO0418,re_rehab,re_rehab,1.0
MO0419,business,business,1.0
MO0420,business,business,1.0
MO0421,business,business,1.0
MO0422,re_rehab,re_rehab,1.0
MO0423,re_construction,re_construction,0.3752035830618892
MO0424,re_rehab,re_rehab,1.0
MO0425,re_construction,re_construction,0.6644067796610169
MO0426,re_rehab,re_rehab,1.0
MO0427,re_rehab,re_rehab,1.0
MO0428,business,business,1.0
MO0429,business,business,1.0
MO0430,business,business,1.0
MO0431,business,business,1.0
MO0432,business,business,1.0
MO0433,business,business,1.0
MO0434,business,business,1.0
MO0435,business,business,1.0
MO0436,business,business,1.0
MO0437,business,business,1.0
MO0438,business,business,1.0
MO0439,business,business,1.0
MO0440,business,business,1.0
MO0441,business,business,1.0
MO0442,business,business,1.0
MO0443,business,business,1.0
MO0444,business,business,1.0
MO0445,business,business,1.0
MO0446,business,business,1.0
MO0447,business,business,1.0
MO0448,business,business,1.0
MO0449,business,business,1.0
MO0450,business,business,1.0
MO0451,business,business,1.0
MO0452,business,business,1.0
MO0453,business,business,1.0
MO0454,business,business,1.0
MO0455,business,business,1.0
MO0456,business,business,1.0
MO0457,business,business,1.0
MO0458,business,business,1.0
MO0459,business,business,1.0
MO0460,business,business,1.0
MO0461,business,business,1.0
MO0462,business,business,1.0
MO0463,business,business,1.0
MO0464,business,business,1.0
MO0465,business,business,1.0
MO0466,business,business,1.0
MO0467,business,business,1.0
MO0468,business,business,1.0
MO0470,re_rehab,re_rehab,1.0
MO0471,re_construction,re_construction,1.0
MO0472,business,business,1.0
MO0473,business,business,1.0
MO0474,re_construction,re_construction,1.0
MO0475,business,business,1.0
MO0476,re_construction,re_construction,1.0
MO0477,re_rehab,re_rehab,1.0
MO0478,re_rehab,re_rehab,0.8275862068965517
MO0479,business,business,1.0
MO0480,business,business,1.0
MO0481,business,business,1.0
MO0482,business,business,1.0
MO0483,re_construction,re_construction,1.0
MO0484,business,business,1.0
MO0485,business,business,1.0
MO0486,re_construction,re_construction,1.0
MO0487,business,business,1.0
MO0488,re_construction,re_construction,1.0
MO0489,re_construction,re_construction,1.0
MO0490,business,business,1.0
MO0491,business,business,1.0
MO0492,re_construction,re_construction,1.0
MO0493,re_construction,re_construction,1.0
MO0494,re_construction,re_construction,1.0
MO0495,re_construction,re_construction,1.0
MO0496,business,business,1.0
MO0497,business,business,1.0
MO0498,business,business,1.0
MO0499,business,business,1.0
MO0500,business,business,1.0
MO0501,re_rehab,re_rehab,1.0
MO0502,business,business,1.0
MO0503,business,business,1.0
MO0504,microenterprise,other_small,1.0
MO0505,business,business,1.0
MO0506,microenterprise,other_small,1.0
MO0507,microenterprise,other_small,1.0
MO0508,microenterprise,other_small,1.0
MO0509,microenterprise,other_small,1.0
MO0510,microenterprise,other_small,1.0
MO0511,microenterprise,other_small,1.0
MO0512,microenterprise,other_small,1.0
MO0513,microenterprise,other_small,1.0
MO0514,microenterprise,other_small,1.0
MO0515,microenterprise,other_small,1.0
MO0516,microenterprise,other_small,1.0
MO0517,microenterprise,other_small,1.0
MO0518,microenterprise,other_small,1.0
MO0519,microenterprise,other_small,1.0
MO0520,microenterprise,other_small,1.0
MO0521,microenterprise,other_small,1.0
MO0522,re_construction,re_construction,1.0
MO0523,business,business,1.0
MO0524,business,business,1.0
MO0525,business,business,1.0
MO0526,business,business,1.0
MO0528,re_construction,re_construction,1.0
MO0529,re_rehab,re_rehab,1.0
MO0530,re_construction,re_construction,1.0
MO0531,business,business,1.0
MO0532,business,business,1.0
MO0533,re_construction,re_construction,1.0
MO0534,business,business,1.0
MO0535,business,business,1.0
MO0536,business,business,1.0
MO0537,re_rehab,re_rehab,1.0
MO0538,re_rehab,re_rehab,1.0
MO0539,business,business,1.0
MO0540,business,business,1.0
MO0541,business,business,1.0
MO0542,business,business,1.0
MO0543,business,business,1.0
MO0544,business,business,1.0
MO0545,business,business,1.0
MO0546,business,business,1.0
MO0547,business,business,1.0
MO0548,business,business,1.0
MO0549,re_rehab,re_rehab,1.0
MO0550,re_construction,re_construction,1.0
MO0551,business,business,1.0
MO0552,re_construction,re_construction,1.0
MO0553,business,business,1.0
MO0554,business,business,1.0
MO0555,business,business,1.0
MO0556,re_construction,re_construction,1.0
MO0557,re_construction,re_construction,1.0
MO0558,business,business,1.0
MO0559,re_construction,re_construction,1.0
MO0560,business,business,1.0
MO0561,re_rehab,re_rehab,1.0
MO0562,business,business,1.0
MO0563,business,business,1.0
MO0564,business,business,1.0
MO0565,re_construction,re_construction,1.0
MO0566,business,business,1.0
MO0567,microenterprise,other_small,1.0
MO0568,microenterprise,other_small,1.0
MO0569,microenterprise,other_small,1.0
MO0570,microenterprise,other_small,1.0
MO0571,microenterprise,other_small,1.0
MO0572,microenterprise,other_small,1.0
MO0573,re_rehab,re_rehab,1.0
MO0574,microenterprise,other_small,1.0
MO0575,business,business,1.0
MO0576,microenterprise,other_small,1.0
MO0577,business,business,1.0
MO0578,business,business,1.0
MO0579,business,business,1.0
MO0580,business,business,1.0
MO0581,business,business,1.0
MO0582,re_construction,re_construction,1.0
MO0583,re_rehab,re_rehab,1.0
MO0584,re_rehab,re_rehab,0.9152542372881356
MO0585,re_rehab,re_rehab,1.0
MO0586,business,business,1.0
MO0587,business,business,1.0
MO0588,re_construction,re_construction,1.0
MO0589,re_rehab,re_rehab,1.0
MO0590,re_rehab,re_rehab,1.0
MO0591,business,business,1.0
MO0592,re_rehab,re_rehab,1.0
MO0593,re_construction,re_construction,1.0
MO0594,re_rehab,re_rehab,1.0
MO0595,re_rehab,re_rehab,1.0
MO0596,business,business,1.0
MO0597,re_rehab,re_rehab,1.0
MO0598,business,business,1.0
MO0599,business,business,1.0
MO0600,re_construction,re_construction,1.0
MO0601,re_construction,re_construction,1.0
MO0602,business,business,1.0
MO0603,business,business,1.0
MO0604,business,business,1.0
MO0605,re_rehab,re_rehab,0.72
MO0606,business,business,1.0
MO0607,re_rehab,re_rehab,1.0
MO0608,re_rehab,re_rehab,1.0
MO0609,business,business,1.0
MO0610,business,business,1.0
MO0611,business,business,1.0
MO0612,business,business,1.0
MO0613,business,business,1.0
MO0614,business,business,1.0
MO0615,business,business,1.0
MO0616,business,business,1.0
MO0617,business,business,1.0
MO0618,business,business,1.0
MO0619,business,business,1.0
MO0620,business,business,1.0
MO0621,business,business,1.0
MO0622,business,business,1.0
MO0623,business,business,1.0
MO0624,business,business,1.0
MO0625,business,business,1.0
MO0626,business,business,1.0
MO0627,business,business,1.0
MO0628,business,business,1.0
MO0629,business,business,1.0
MO0630,microenterprise,other_small,1.0
MO0631,re_construction,re_construction,1.0
MO0632,re_construction,re_construction,1.0
MO0633,business,business,1.0
MO0634,re_construction,re_construction,1.0
MO0635,re_rehab,re_rehab,1.0
MO0637,re_rehab,re_rehab,1.0
MO0638,re_rehab,re_rehab,1.0
MO0639,business,business,1.0
MO0640,re_rehab,re_rehab,1.0
MO0641,re_construction,re_construction,1.0
MO0642,business,business,1.0
MO0643,re_construction,re_construction,1.0
MO0644,business,business,1.0
MO0645,re_construction,re_construction,1.0
MO0648,re_construction,re_construction,1.0
MO0649,re_construction,re_construction,1.0
MO0650,re_rehab,re_rehab,1.0
MO0651,business,business,1.0
MO0652,re_construction,re_construction,1.0
MO0653,business,business,1.0
MO0654,re_rehab,re_rehab,1.0
MO0655,re_rehab,re_rehab,1.0
MO0656,business,business,1.0
MO0657,re_construction,re_construction,0.6049068882969016
MO0658,re_rehab,re_rehab,1.0
MO0659,business,business,1.0
MO0660,re_construction,re_construction,1.0
MO0661,re_construction,re_construction,1.0
MO0662,business,business,1.0
MO0663,business,business,1.0
MO0664,re_rehab,re_rehab,1.0
MO0665,other,other,1.0
MO0667,business,business,1.0
MO0668,business,business,1.0
MO0669,business,business,1.0
MO0670,business,business,1.0
MO0672,business,business,1.0
MO0673,business,business,1.0
MO0674,business,business,1.0
MO0675,re_construction,re_construction,1.0
MO0676,re_construction,re_construction,1.0
MO0677,re_construction,re_construction,1.0
MO0678,business,business,1.0
MO0679,business,business,1.0
MO0680,re_construction,re_construction,1.0
MO0681,business,business,1.0
MO0682,business,business,1.0
MO0683,re_construction,re_construction,1.0
MO0684,re_construction,re_construction,1.0
MO0685,business,business,1.0
MO0686,business,business,1.0
MO0687,business,business,1.0
MO0688,business,business,1.0
MO0689,re_construction,re_construction,1.0
MO0690,re_construction,re_construction,1.0
MO0691,business,business,1.0
MO0692,re_construction,re_construction,1.0
MO0693,re_rehab,re_rehab,1.0
MO0694,business,business,1.0
MO0695,re_rehab,re_rehab,1.0
MO0696,business,business,1.0
MO0697,re_construction,re_construction,0.8079692750840134
MO0698,business,business,1.0
MO0699,re_rehab,re_rehab,1.0
MO0700,other,other,1.0
MO0701,re_rehab,re_rehab,1.0
MO0702,re_construction,re_construction,1.0
MO0703,re_construction,re_construction,1.0
MO0704,re_construction,re_construction,1.0
MO0705,business,business,1.0
MO0706,business,business,1.0
MO0707,business,business,1.0
MO0708,re_rehab,re_rehab,1.0
MO0709,business,business,1.0
MO0710,business,business,1.0
MO0711,business,business,1.0
MO0712,business,business,1.0
MO0713,business,business,1.0
MO0714,business,business,1.0
MO0715,re_rehab,re_rehab,1.0
MO0716,re_construction,re_construction,1.0
MO0717,re_construction,re_construction,1.0
MO0718,business,business,1.0
MO0719,business,business,1.0
MO0720,business,business,1.0
MO0721,re_construction,re_construction,1.0
MO0722,business,business,1.0
MS0001,housing_sf_new,housing_sf_new,1.0
MS0002,business,business,1.0
MS0003,business,business,1.0
MS0004,business,business,0.52
MS0005,business,business,1.0
MS0006,business,business,1.0
MS0007,business,business,1.0
MS0008,business,business,1.0
MS0009,business,business,1.0
MS0010,business,business,1.0
MS0011,business,business,1.0
MS0012,business,business,1.0
MS0013,housing_sf_new,housing_sf_new,1.0
MS0014,business,business,1.0
MS0015,re_construction,re_construction,1.0
MS0017,business,business,1.0
MS0018,business,business,1.0
MS0019,business,business,1.0
MS0021,business,business,1.0
MS0022,re_construction,re_construction,1.0
MS0024,re_construction,re_construction,1.0
MS0025,re_rehab,re_rehab,1.0
MS0026,business,business,1.0
MS0027,housing_sf_rehab,other_small,1.0
MS0029,business,business,1.0
MS0030,re_rehab,re_rehab,1.0
MS0034,business,business,1.0
MS0035,re_construction,re_construction,1.0
MS0036,business,business,1.0
MS0038,business,business,1.0
MS0039,business,business,1.0
MS0041,other,other,1.0
MS0042,business,business,1.0
MS0043,business,business,1.0
MS0044,re_rehab,re_rehab,1.0
MS0045,business,business,1.0
MS0047,housing_sf_new,housing_sf_new,1.0
MS0048,business,business,1.0
MS0049,business,business,1.0
MS0050,business,business,1.0
MS0051,business,business,1.0
MS0052,business,business,0.7241782079092274
MS0054,business,business,1.0
MS0055,business,business,1.0
MS0056,business,business,1.0
MS0058,housing_sf_new,housing_sf_new,1.0
MS0060,re_construction,re_construction,1.0
MS0061,business,business,1.0
MS0062,business,business,1.0
MS0063,business,business,1.0
MS0064,business,business,1.0
MS0065,business,business,1.0
MS0066,business,business,1.0
MS0067,business,business,1.0
MS0068,business,business,1.0
MS0069,business,business,1.0
MS0070,business,business,1.0
MS0071,business,business,1.0
MS0072,re_construction,re_construction,1.0
MS0073,business,business,1.0
MS0074,business,business,1.0
MS0075,business,business,1.0
MS0076,business,business,1.0
MS0077,business,business,1.0
MS0078,business,business,1.0
MS0079,business,business,1.0
MS0080,business,business,1.0
MS0081,business,business,1.0
MS0082,business,business,1.0
MS0083,business,business,1.0
MS0084,business,business,1.0
MS0085,business,business,1.0
MS0086,business,business,1.0
MS0087,business,business,1.0
MS0088,re_construction,re_construction,1.0
MS0089,re_construction,re_construction,1.0
MS0090,business,business,1.0
MS0091,business,business,0.6769430247644808
MS0092,re_rehab,re_rehab,1.0
MS0093,business,business,1.0
MS0094,housing_sf_new,housing_sf_new,1.0
MS0095,business,business,1.0
MS0096,re_rehab,re_rehab,1.0
MS0098,re_construction,re_construction,1.0
MS0099,business,business,1.0
MS0100,re_construction,re_construction,1.0
MS0101,re_construction,re_construction,1.0
MS0102,housing_sf_new,housing_sf_new,1.0
MS0103,re_construction,re_construction,1.0
MS0104,business,business,1.0
MS0105,business,business,1.0
MS0106,business,business,1.0
MS0107,re_rehab,re_rehab,0.9313972101532129
MS0108,business,business,1.0
MS0109,re_construction,re_construction,1.0
MS0110,business,business,1.0
MS0111,re_construction,re_construction,1.0
MS0112,re_construction,re_construction,1.0
MS0113,business,business,1.0
MS0114,business,business,1.0
MS0115,business,business,1.0
MS0116,re_construction,re_construction,1.0
MS0117,business,business,1.0
MS0118,re_construction,re_construction,1.0
MS0119,business,business,1.0
MS0120,business,business,1.0
MS0121,business,business,1.0
MS0122,re_construction,re_construction,0.8647654093836247
MS0123,business,business,1.0
MS0124,business,business,1.0
MS0125,business,business,0.7051671732522796
MS0126,business,business,1.0
MS0127,re_rehab,re_rehab,1.0
MS0128,business,business,1.0
MS0130,re_construction,re_construction,1.0
MS0131,re_construction,re_construction,1.0
MS0132,business,business,1.0
MS0133,re_rehab,re_rehab,1.0
MS0136,business,business,1.0
MS0137,business,business,1.0
MS0138,re_rehab,re_rehab,1.0
MS0139,re_construction,re_construction,1.0
MS0140,re_construction,re_construction,1.0
MS0142,business,business,1.0
MS0143,business,business,1.0
MS0144,re_rehab,re_rehab,1.0
MS0145,re_construction,re_construction,1.0
MS0146,business,business,1.0
MS0147,re_rehab,re_rehab,1.0
MS0148,business,business,1.0
MS0149,business,business,1.0
MS0150,business,business,1.0
MS0151,business,business,1.0
MS0152,business,business,1.0
MS0153,business,business,1.0
MS0154,business,business,1.0
MS0155,re_rehab,re_rehab,1.0
MS0156,business,business,1.0
MS0157,re_rehab,re_rehab,1.0
MS0158,re_construction,re_construction,1.0
MS0159,business,business,1.0
MS0160,business,business,1.0
MS0161,business,business,1.0
MS0162,business,business,1.0
MS0163,re_construction,re_construction,0.6884159807267617
MS0164,business,business,0.5153735966346142
MS0165,re_rehab,re_rehab,1.0
MS0166,re_construction,re_construction,1.0
MS0167,business,business,1.0
MS0168,re_construction,re_construction,1.0
MS0169,re_rehab,re_rehab,1.0
MS0170,business,business,1.0
MS0171,business,business,1.0
MS0172,business,business,1.0
MS0173,business,business,1.0
MS0174,business,business,1.0
MS0175,business,business,1.0
MS0176,business,business,1.0
MS0177,re_rehab,re_rehab,1.0
MS0178,business,business,1.0
MS0179,business,business,1.0
MS0180,re_construction,re_construction,0.8750936797401948
MS0181,business,business,1.0
MS0182,re_construction,re_construction,0.6169792694965449
MS0184,business,business,1.0
MS0185,business,business,1.0
MS0186,business,business,1.0
MS0187,re_construction,re_construction,1.0
MS0188,business,business,1.0
MS0189,business,business,1.0
MS0190,business,business,1.0
MS0191,business,business,1.0
MS0193,business,business,1.0
MS0194,business,business,1.0
MS0195,business,business,1.0
MS0196,business,business,1.0
MS0197,re_construction,re_construction,1.0
MS0200,business,business,1.0
MS0201,business,business,1.0
MS0202,business,business,1.0
MS0203,business,business,1.0
MS0204,business,business,1.0
MS0205,business,business,1.0
MS0206,business,business,1.0
MS0207,re_rehab,re_rehab,1.0
MS0208,business,business,1.0
MS0209,business,business,1.0
MS0210,re_rehab,re_rehab,1.0
MT0001,business,business,1.0
MT0002,business,business,1.0
MT0003,re_rehab,re_rehab,1.0
MT0004,business,business,1.0
MT0006,business,business,1.0
MT0007,re_construction,re_construction,1.0
MT0009,re_construction,re_construction,1.0
MT0010,business,business,1.0
MT0011,business,business,1.0
MT0012,re_construction,re_construction,1.0
MT0013,business,business,1.0
MT0014,re_construction,re_construction,1.0
MT0015,re_construction,re_construction,1.0
MT0016,business,business,1.0
MT0017,business,business,1.0
MT0018,re_construction,re_construction,1.0
MT0019,business,business,1.0
MT0020,business,business,1.0
MT0021,business,business,1.0
MT0022,business,business,1.0
MT0023,business,business,1.0
MT0024,business,business,1.0
MT0025,business,business,1.0
MT0026,business,business,1.0
MT0027,re_rehab,re_rehab,1.0
MT0028,business,business,1.0
MT0029,business,business,1.0
MT0030,business,business,1.0
MT0031,business,business,1.0
MT0032,re_construction,re_construction,1.0
MT0033,re_construction,re_construction,1.0
MT0034,re_construction,re_construction,1.0
MT0035,re_rehab,re_rehab,1.0
MT0036,re_construction,re_construction,1.0
MT0037,re_construction,re_construction,1.0
MT0038,re_rehab,re_rehab,1.0
MT0039,re_construction,re_construction,1.0
MT0040,re_construction,re_construction,1.0
MT0041,re_rehab,re_rehab,1.0
NC0001,re_rehab,re_rehab,1.0
NC0002,re_construction,re_construction,1.0
NC0003,business,business,1.0
NC0004,re_rehab,re_rehab,1.0
NC0005,re_rehab,re_rehab,1.0
NC0006,re_construction,re_construction,1.0
NC0007,business,business,1.0
NC0008,re_rehab,re_rehab,1.0
NC0009,business,business,1.0
NC0010,re_rehab,re_rehab,1.0
NC0011,re_rehab,re_rehab,1.0
NC0012,re_construction,re_construction,1.0
NC0013,re_construction,re_construction,1.0
NC0014,re_rehab,re_rehab,1.0
NC0017,business,business,1.0
NC0018,re_rehab,re_rehab,1.0
NC0019,re_rehab,re_rehab,1.0
NC0020,re_rehab,re_rehab,1.0
NC0021,re_rehab,re_rehab,1.0
NC0022,re_rehab,re_rehab,1.0
NC0023,re_construction,re_construction,1.0
NC0024,re_rehab,re_rehab,1.0
NC0025,business,business,1.0
NC0026,re_rehab,re_rehab,1.0
NC0027,re_rehab,re_rehab,1.0
NC0028,re_rehab,re_rehab,1.0
NC0029,re_rehab,re_rehab,1.0
NC0030,re_construction,re_construction,1.0
NC0031,re_rehab,re_rehab,1.0
NC0032,business,business,0.8228980322003577
NC0034,re_rehab,re_rehab,1.0
NC0035,re_rehab,re_rehab,1.0
NC0036,business,business,1.0
NC0037,re_construction,re_construction,1.0
NC0038,business,business,1.0
NC0040,re_rehab,re_rehab,1.0
NC0042,re_construction,re_construction,1.0
NC0043,re_construction,re_construction,1.0
NC0044,re_rehab,re_rehab,1.0
NC0045,re_construction,re_construction,1.0
NC0046,re_rehab,re_rehab,1.0
NC0047,re_construction,re_construction,1.0
NC0048,re_rehab,re_rehab,1.0
NC0049,re_rehab,re_rehab,1.0
NC0050,re_rehab,re_rehab,1.0
NC0051,re_construction,re_construction,1.0
NC0052,re_construction,re_construction,1.0
NC0053,re_rehab,re_rehab,1.0
NC0054,other,other,1.0
NC0055,business,business,0.625
NC0057,re_rehab,re_rehab,1.0
NC0058,re_rehab,re_rehab,0.5084745762711864
NC0060,housing_sf_new,housing_sf_new,1.0
NC0061,business,business,1.0
NC0062,re_rehab,re_rehab,0.7586173602394516
NC0063,business,business,1.0
NC0064,business,business,1.0
NC0066,housing_sf_new,housing_sf_new,1.0
NC0067,re_construction,re_construction,1.0
NC0068,re_rehab,re_rehab,1.0
NC0069,re_rehab,re_rehab,1.0
NC0071,business,business,1.0
NC0072,business,business,1.0
NC0073,re_rehab,re_rehab,0.5
NC0075,re_rehab,re_rehab,1.0
NC0076,re_construction,re_construction,1.0
NC0077,re_rehab,re_rehab,1.0
NC0078,re_rehab,re_rehab,1.0
NC0079,re_rehab,re_rehab,1.0
NC0080,re_construction,re_construction,1.0
NC0081,business,business,1.0
NC0082,re_construction,re_construction,1.0
NC0083,business,business,1.0
NC0084,re_construction,re_construction,0.5608108108108109
NC0085,re_construction,re_construction,1.0
NC0086,re_rehab,re_rehab,0.5329008341056534
NC0087,re_rehab,re_rehab,1.0
NC0088,re_construction,re_construction,1.0
NC0089,re_construction,re_construction,1.0
NC0090,re_rehab,re_rehab,1.0
NC0091,re_construction,re_construction,1.0
NC0092,re_construction,re_construction,1.0
NC0093,business,business,1.0
NC0094,business,business,1.0
NC0095,business,business,1.0
NC0096,business,business,1.0
NC0097,business,business,1.0
NC0098,business,business,1.0
NC0099,business,business,1.0
NC0100,business,business,1.0
NC0101,business,business,1.0
NC0102,re_construction,re_construction,1.0
NC0103,re_rehab,re_rehab,1.0
NC0104,business,business,1.0
NC0105,business,business,1.0
NC0106,housing_sf_new,housing_sf_new,1.0
NC0107,business,business,1.0
NC0109,re_construction,re_construction,1.0
NC0110,re_rehab,re_rehab,1.0
NC0111,business,business,0.8333333333333334
NC0112,re_rehab,re_rehab,1.0
NC0113,re_construction,re_construction,1.0
NC0114,re_construction,re_construction,1.0
NC0115,re_rehab,re_rehab,1.0
NC0116,other,other,0.5
NC0117,re_construction,re_construction,1.0
NC0118,re_construction,re_construction,1.0
NC0119,re_rehab,re_rehab,1.0
NC0120,business,business,1.0
NC0121,business,business,1.0
NC0122,re_rehab,re_rehab,1.0
NC0123,re_construction,re_construction,1.0
NC0124,re_rehab,re_rehab,1.0
NC0125,re_construction,re_construction,1.0
NC0126,re_construction,re_construction,0.5033112582781457
NC0127,re_rehab,re_rehab,1.0
NC0129,re_construction,re_construction,1.0
NC0130,re_construction,re_construction,1.0
NC0131,housing_sf_new,housing_sf_new,1.0
NC0132,business,business,1.0
NC0133,re_construction,re_construction,1.0
NC0134,re_construction,re_construction,1.0
NC0136,other,other,0.5
NC0137,business,business,1.0
NC0138,re_construction,re_construction,1.0
NC0139,housing_sf_rehab,other_small,1.0
NC0140,re_rehab,re_rehab,1.0
NC0141,re_construction,re_construction,1.0
NC0143,housing_sf_new,housing_sf_new,1.0
NC0144,re_construction,re_construction,1.0
NC0145,re_construction,re_construction,1.0
ND0001,business,business,1.0
ND0002,re_construction,re_construction,1.0
ND0003,business,business,1.0
ND0004,re_rehab,re_rehab,1.0
ND0005,re_construction,re_construction,1.0
ND0006,re_rehab,re_rehab,1.0
ND0007,re_rehab,re_rehab,1.0
ND0008,re_rehab,re_rehab,1.0
ND0009,re_construction,re_construction,1.0
ND0010,re_rehab,re_rehab,1.0
ND0011,re_construction,re_construction,1.0
ND0012,re_construction,re_construction,1.0
ND0013,re_construction,re_construction,1.0
ND0014,business,business,1.0
ND0015,business,business,1.0
NE0001,re_rehab,re_rehab,1.0
NE0003,re_rehab,re_rehab,1.0
NE0005,business,business,1.0
NE0006,housing_sf_new,housing_sf_new,1.0
NE0007,re_construction,re_construction,1.0
NE0008,business,business,1.0
NE0009,business,business,1.0
NE0010,business,business,1.0
NE0011,business,business,1.0
NE0012,business,business,1.0
NE0013,re_construction,re_construction,1.0
NE0014,re_rehab,re_rehab,1.0
NE0015,business,business,1.0
NE0016,business,business,1.0
NE0017,business,business,1.0
NE0018,business,business,1.0
NE0019,business,business,1.0
NE0020,re_rehab,re_rehab,1.0
NE0021,business,business,1.0
NE0022,business,business,1.0
NE0023,re_construction,re_construction,1.0
NE0024,business,business,1.0
NE0025,business,business,1.0
NE0026,business,business,1.0
NE0027,business,business,1.0
NE0028,re_construction,re_construction,1.0
NE0029,re_construction,re_construction,1.0
NE0030,re_rehab,re_rehab,0.8992950654582075
NE0031,housing_sf_new,housing_sf_new,1.0
NE0032,re_construction,re_construction,1.0
NE0033,re_construction,re_construction,1.0
NE0034,re_construction,re_construction,1.0
NE0035,business,business,1.0
NE0036,re_construction,re_construction,1.0
NE0037,housing_sf_new,housing_sf_new,1.0
NE0038,business,business,1.0
NE0039,business,business,1.0
NE0040,re_construction,re_construction,1.0
NE0041,re_construction,re_construction,1.0
NE0042,re_construction,re_construction,1.0
NE0043,re_construction,re_construction,1.0
NE0044,business,business,1.0
NE0045,business,business,1.0
NE0046,business,business,1.0
NE0047,business,business,1.0
NE0048,re_rehab,re_rehab,1.0
NE0049,business,business,1.0
NE0050,business,business,1.0
NE0051,business,business,1.0
NE0052,business,business,1.0
NE0053,business,business,1.0
NE0054,re_construction,re_construction,1.0
NE0055,re_construction,re_construction,1.0
NE0056,business,business,1.0
NE0057,business,business,1.0
NE0058,business,business,1.0
NE0059,housing_sf_new,housing_sf_new,1.0
NE0060,business,business,1.0
NE0062,business,business,1.0
NE0063,business,business,1.0
NE0064,business,business,1.0
NE0065,business,business,1.0
NE0066,business,business,1.0
NE0067,re_rehab,re_rehab,1.0
NE0068,business,business,1.0
NE0069,business,business,1.0
NE0070,business,business,1.0
NE0071,business,business,1.0
NE0072,re_rehab,re_rehab,1.0
NE0073,business,business,1.0
NH0001,business,business,1.0
NH0002,re_rehab,re_rehab,1.0
NH0003,business,business,1.0
NH0004,re_construction,re_construction,1.0
NH0006,re_construction,re_construction,1.0
NH0007,business,business,1.0
NH0008,re_rehab,re_rehab,1.0
NH0009,business,business,1.0
NH0010,business,business,1.0
NH0011,business,business,1.0
NH0012,re_construction,re_construction,0.5790485115001042
NH0013,re_rehab,re_rehab,1.0
NH0014,re_construction,re_construction,1.0
NH0015,re_construction,re_construction,1.0
NH0016,re_rehab,re_rehab,0.5652173913043478
NH0017,business,business,1.0
NH0018,re_rehab,re_rehab,1.0
NH0019,re_rehab,re_rehab,1.0
NH0020,re_rehab,re_rehab,1.0
NH0021,re_construction,re_construction,0.5159896283491789
NH0022,re_rehab,re_rehab,1.0
NH0023,re_rehab,re_rehab,1.0
NH0024,re_rehab,re_rehab,1.0
NH0026,re_construction,re_construction,1.0
NH0027,re_construction,re_construction,1.0
NJ0001,re_rehab,re_rehab,1.0
NJ0002,re_construction,re_construction,1.0
NJ0003,re_construction,re_construction,1.0
NJ0004,re_construction,re_construction,1.0
NJ0005,business,business,1.0
NJ0006,business,business,1.0
NJ0007,re_construction,re_construction,1.0
NJ0008,re_construction,re_construction,1.0
NJ0009,re_construction,re_construction,1.0
NJ0010,business,business,1.0
NJ0011,re_construction,re_construction,1.0
NJ0012,re_rehab,re_rehab,1.0
NJ0013,re_rehab,re_rehab,1.0
NJ0014,re_rehab,re_rehab,1.0
NJ0015,re_construction,re_construction,1.0
NJ0016,re_rehab,re_rehab,1.0
NJ0017,re_rehab,re_rehab,0.7522123893805309
NJ0018,re_construction,re_construction,1.0
NJ0020,re_rehab,re_rehab,1.0
NJ0021,re_rehab,re_rehab,1.0
NJ0022,re_construction,re_construction,1.0
NJ0023,business,business,1.0
NJ0024,re_construction,re_construction,1.0
NJ0025,business,business,0.6666666666666666
NJ0027,re_construction,re_construction,0.7382655731983947
NJ0029,business,business,1.0
NJ0032,business,business,1.0
NJ0033,other,other,0.4778836034867328
NJ0034,re_rehab,re_rehab,1.0
NJ0035,business,business,0.889918356114118
NJ0036,business,business,0.5405405405405406
NJ0037,re_rehab,re_rehab,1.0
NJ0038,re_construction,re_construction,1.0
NJ0039,re_rehab,re_rehab,1.0
NJ0040,re_construction,re_construction,1.0
NJ0041,business,business,1.0
NJ0042,business,business,1.0
NJ0043,re_rehab,re_rehab,1.0
NJ0044,re_rehab,re_rehab,0.6835443037974683
NJ0045,re_rehab,re_rehab,0.5045871559633027
NJ0047,re_rehab,re_rehab,1.0
NJ0048,business,business,1.0
NJ0049,re_rehab,re_rehab,1.0
NJ0050,re_construction,re_construction,1.0
NJ0051,re_construction,re_construction,1.0
NJ0052,re_rehab,re_rehab,1.0
NJ0053,re_rehab,re_rehab,1.0
NJ0056,re_construction,re_construction,1.0
NJ0057,re_construction,re_construction,1.0
NJ0058,re_rehab,re_rehab,1.0
NJ0061,re_rehab,re_rehab,1.0
NJ0062,re_rehab,re_rehab,1.0
NJ0064,re_construction,re_construction,1.0
NJ0065,re_construction,re_construction,1.0
NJ0066,re_rehab,re_rehab,1.0
NJ0067,business,business,1.0
NJ0068,re_rehab,re_rehab,1.0
NJ0069,re_construction,re_construction,1.0
NJ0070,business,business,1.0
NJ0071,business,business,1.0
NJ0073,re_construction,re_construction,1.0
NJ0074,re_construction,re_construction,1.0
NJ0075,re_construction,re_construction,1.0
NJ0077,re_rehab,re_rehab,1.0
NJ0078,re_rehab,re_rehab,1.0
NJ0079,re_construction,re_construction,0.8683203107387841
NJ0080,re_construction,re_construction,1.0
NJ0082,re_construction,re_construction,0.5602105293138531
NJ0084,re_rehab,re_rehab,1.0
NJ0085,business,business,1.0
NJ0086,housing_sf_new,housing_sf_new,1.0
NJ0087,re_construction,re_construction,1.0
NJ0088,re_rehab,re_rehab,1.0
NJ0089,re_construction,re_construction,1.0
NJ0090,re_construction,re_construction,1.0
NJ0091,re_construction,re_construction,1.0
NJ0092,re_construction,re_construction,0.8198198198198198
NJ0193,business,business,1.0
NJ0194,business,business,0.6602934465977008
NJ0195,housing_sf_rehab,other_small,1.0
NJ0196,business,business,1.0
NJ0197,re_construction,re_construction,1.0
NJ0198,re_construction,re_construction,0.6021220159151194
NJ0199,re_rehab,re_rehab,1.0
NJ0200,re_construction,re_construction,0.5572351650957378
NJ0201,business,business,0.7142857142857143
NJ0202,re_rehab,re_rehab,1.0
NJ0203,re_rehab,re_rehab,0.6275387183893936
NJ0204,re_rehab,re_rehab,1.0
NJ0205,re_construction,re_construction,1.0
NJ0206,re_rehab,re_rehab,0.875
NJ0207,re_rehab,re_rehab,1.0
NJ0208,re_rehab,re_rehab,1.0
NJ0209,re_rehab,re_rehab,1.0
NJ0210,business,business,1.0
NJ0211,business,business,0.8763014122255438
NJ0212,re_rehab,re_rehab,1.0
NJ0213,re_construction,re_construction,0.7765681823583941
NJ0214,re_rehab,re_rehab,1.0
NJ0216,re_rehab,re_rehab,0.5555555555555556
NJ0217,re_construction,re_construction,1.0
NJ0220,re_construction,re_construction,1.0
NJ0221,re_construction,re_construction,1.0
NJ0222,business,business,1.0
NJ0223,re_rehab,re_rehab,1.0
NJ0224,re_rehab,re_rehab,0.5
NJ0225,business,business,1.0
NJ0226,re_construction,re_construction,1.0
NJ0227,housing_sf_new,housing_sf_new,1.0
NJ0228,re_construction,re_construction,0.5295698924731183
NJ0229,re_rehab,re_rehab,1.0
NJ0230,re_construction,re_construction,1.0
NJ0231,business,business,1.0
NJ0232,business,business,1.0
NJ0233,re_construction,re_construction,1.0
NJ0234,re_rehab,re_rehab,1.0
NJ0235,re_construction,re_construction,0.3652173913043478
NJ0236,re_construction,re_construction,1.0
NJ0237,re_rehab,re_rehab,1.0
NJ0238,re_rehab,re_rehab,1.0
NJ0240,re_rehab,re_rehab,1.0
NJ0241,re_rehab,re_rehab,1.0
NJ0242,re_rehab,re_rehab,1.0
NJ0243,business,business,1.0
NJ0244,re_rehab,re_rehab,0.7877767083734359
NJ0252,business,business,1.0
NJ0253,re_rehab,re_rehab,1.0
NJ0254,re_construction,re_construction,0.6161833154314358
NJ0255,re_construction,re_construction,1.0
NM0001,re_rehab,re_rehab,1.0
NM0002,re_rehab,re_rehab,1.0
NM0003,re_rehab,re_rehab,1.0
NM0004,business,business,1.0
NM0005,business,business,1.0
NM0006,re_construction,re_construction,1.0
NM0007,re_rehab,re_rehab,1.0
NM0008,business,business,1.0
NM0009,re_construction,re_construction,1.0
NM0010,business,business,1.0
NM0011,business,business,0.7372126936994956
NM0014,business,business,1.0
NM0016,business,business,1.0
NM0017,business,business,1.0
NM0018,business,business,1.0
NM0019,business,business,1.0
NM0020,business,business,1.0
NM0021,business,business,1.0
NM0022,business,business,1.0
NM0023,business,business,1.0
NM0024,business,business,1.0
NM0025,business,business,1.0
NM0026,housing_sf_new,housing_sf_new,0.5192036108880459
NM0027,business,business,1.0
NM0028,housing_sf_new,housing_sf_new,1.0
NM0029,re_rehab,re_rehab,1.0
NM0030,re_construction,re_construction,0.75
NM0031,business,business,1.0
NM0032,re_rehab,re_rehab,1.0
NM0033,re_construction,re_construction,1.0
NM0034,business,business,1.0
NM0035,re_construction,re_construction,1.0
NM0036,business,business,1.0
NM0037,business,business,1.0
NM0038,re_construction,re_construction,1.0
NM0039,business,business,1.0
NM0040,re_rehab,re_rehab,1.0
NM0041,housing_sf_new,housing_sf_new,1.0
NM0042,business,business,1.0
NM0043,business,business,1.0
NM0044,re_rehab,re_rehab,1.0
NM0045,business,business,1.0
NM0046,re_construction,re_construction,1.0
NM0047,re_rehab,re_rehab,1.0
NM0048,business,business,1.0
NM0049,re_rehab,re_rehab,1.0
NM0051,re_rehab,re_rehab,1.0
NV0001,re_construction,re_construction,1.0
NV0002,business,business,1.0
NV0003,business,business,1.0
NV0004,re_rehab,re_rehab,1.0
NV0005,business,business,1.0
NV0006,business,business,1.0
NV0007,business,business,1.0
NV0008,business,business,1.0
NV0009,business,business,1.0
NV0010,re_construction,re_construction,1.0
NV0011,re_construction,re_construction,0.5502958579881657
NV0012,re_construction,re_construction,1.0
NV0013,re_construction,re_construction,1.0
NV0014,re_construction,re_construction,1.0
NV0015,re_construction,re_construction,1.0
NV0016,business,business,1.0
NV0017,re_construction,re_construction,1.0
NV0018,re_construction,re_construction,0.5614035087719298
NV0019,re_construction,re_construction,1.0
NV0020,business,business,1.0
NV0021,business,business,1.0
NV0022,business,business,1.0
NV0023,re_construction,re_construction,1.0
NV0024,re_construction,re_construction,1.0
NV0025,re_rehab,re_rehab,1.0
NV0026,re_rehab,re_rehab,1.0
NV0027,business,business,1.0
NV0028,business,business,1.0
NV0029,business,business,1.0
NV0030,re_rehab,re_rehab,1.0
NV0031,business,business,1.0
NV0032,re_rehab,re_rehab,1.0
NV0033,re_construction,re_construction,0.6666666666666666
NV0034,business,business,1.0
NV0035,business,business,1.0
NV0036,business,business,1.0
NV0037,business,business,1.0
NV0038,business,business,1.0
NV0039,business,business,1.0
NV0040,business,business,1.0
NV0041,business,business,1.0
NV0042,business,business,1.0
NV0043,business,business,1.0
NV0044,re_construction,re_construction,1.0
NV0045,re_construction,re_construction,1.0
NV0046,re_construction,re_construction,1.0
NV0047,business,business,1.0
NV0048,business,business,1.0
NV0049,business,business,1.0
NV0050,business,business,1.0
NV0051,re_construction,re_construction,1.0
NV0052,re_construction,re_construction,1.0
NV0053,re_construction,re_construction,1.0
NV0054,re_construction,re_construction,0.5833333333333334
NV0055,re_construction,re_construction,1.0
NV0056,business,business,1.0
NV0057,business,business,1.0
NV0059,business,business,1.0
NV0060,business,business,1.0
NV0061,business,business,1.0
NV0062,business,business,1.0
NY0001,business,business,1.0
NY0002,re_rehab,re_rehab,1.0
NY0003,re_construction,re_construction,1.0
NY0004,re_rehab,re_rehab,1.0
NY0005,business,business,1.0
NY0006,re_construction,re_construction,1.0
NY0007,re_construction,re_construction,1.0
NY0008,re_construction,re_construction,1.0
NY0009,business,business,1.0
NY0010,re_construction,re_construction,1.0
NY0011,business,business,1.0
NY0014,re_rehab,re_rehab,1.0
NY0015,business,business,1.0
NY0017,re_rehab,re_rehab,1.0
NY0018,re_rehab,re_rehab,1.0
NY0019,re_construction,re_construction,1.0
NY0020,re_construction,re_construction,1.0
NY0021,re_rehab,re_rehab,1.0
NY0023,re_rehab,re_rehab,1.0
NY0024,re_rehab,re_rehab,1.0
NY0026,business,business,1.0
NY0027,re_rehab,re_rehab,1.0
NY0028,business,business,1.0
NY0029,re_construction,re_construction,1.0
NY0030,re_construction,re_construction,1.0
NY0031,re_construction,re_construction,1.0
NY0032,business,business,0.8484848484848485
NY0033,other,other,1.0
NY0034,business,business,1.0
NY0035,re_construction,re_construction,1.0
NY0036,re_construction,re_construction,1.0
NY0037,re_construction,re_construction,1.0
NY0039,re_construction,re_construction,1.0
NY0040,re_rehab,re_rehab,0.5432847827096877
NY0041,re_construction,re_construction,1.0
NY0043,re_rehab,re_rehab,1.0
NY0044,re_construction,re_construction,1.0
NY0045,re_construction,re_construction,1.0
NY0046,re_construction,re_construction,1.0
NY0047,re_rehab,re_rehab,1.0
NY0048,re_construction,re_construction,0.7291666666666666
NY0049,re_construction,re_construction,0.5379905391777852
NY0050,re_rehab,re_rehab,1.0
NY0051,re_rehab,re_rehab,1.0
NY0052,business,business,1.0
NY0053,re_construction,re_construction,1.0
NY0054,re_rehab,re_rehab,1.0
NY0055,business,business,1.0
NY0056,housing_mf_new,other_small,1.0
NY0057,re_rehab,re_rehab,1.0
NY0058,business,business,1.0
NY0059,re_construction,re_construction,0.7702349869451697
NY0060,re_rehab,re_rehab,1.0
NY0061,re_rehab,re_rehab,1.0
NY0062,business,business,1.0
NY0063,re_construction,re_construction,1.0
NY0064,re_rehab,re_rehab,1.0
NY0065,business,business,1.0
NY0066,re_construction,re_construction,1.0
NY0067,re_rehab,re_rehab,1.0
NY0068,business,business,1.0
NY0069,re_rehab,re_rehab,1.0
NY0071,re_rehab,re_rehab,1.0
NY0072,re_rehab,re_rehab,1.0
NY0073,re_rehab,re_rehab,1.0
NY0074,re_rehab,re_rehab,1.0
NY0075,housing_sf_rehab,other_small,1.0
NY0076,re_rehab,re_rehab,1.0
NY0077,re_rehab,re_rehab,1.0
NY0078,re_rehab,re_rehab,1.0
NY0079,re_construction,re_construction,1.0
NY0080,re_rehab,re_rehab,1.0
NY0081,re_rehab,re_rehab,1.0
NY0082,business,business,1.0
NY0083,re_construction,re_construction,1.0
NY0084,re_construction,re_construction,1.0
NY0085,business,business,1.0
NY0086,re_rehab,re_rehab,1.0
NY0087,re_construction,re_construction,1.0
NY0088,re_rehab,re_rehab,1.0
NY0089,re_construction,re_construction,1.0
NY0090,re_construction,re_construction,1.0
NY0091,re_construction,re_construction,1.0
NY0092,re_construction,re_construction,1.0
NY0093,re_rehab,re_rehab,1.0
NY0095,re_construction,re_construction,1.0
NY0096,re_construction,re_construction,1.0
NY0097,business,business,1.0
NY0100,re_rehab,re_rehab,1.0
NY0101,business,business,1.0
NY0102,re_construction,re_construction,1.0
NY0103,business,business,1.0
NY0104,re_construction,re_construction,1.0
NY0105,re_construction,re_construction,1.0
NY0106,other,other,1.0
NY0107,re_construction,re_construction,1.0
NY0108,re_construction,re_construction,1.0
NY0109,business,business,1.0
NY0110,business,business,1.0
NY0111,re_rehab,re_rehab,1.0
NY0112,re_construction,re_construction,1.0
NY0113,re_rehab,re_rehab,1.0
NY0114,re_rehab,re_rehab,1.0
NY0115,re_rehab,re_rehab,1.0
NY0116,re_rehab,re_rehab,1.0
NY0117,re_rehab,re_rehab,1.0
NY0118,re_rehab,re_rehab,1.0
NY0119,re_construction,re_construction,1.0
NY0120,re_construction,re_construction,1.0
NY0121,re_construction,re_construction,1.0
NY0122,re_rehab,re_rehab,1.0
NY0123,business,business,1.0
NY0124,business,business,1.0
NY0125,re_rehab,re_rehab,1.0
NY0126,re_rehab,re_rehab,1.0
NY0127,re_rehab,re_rehab,0.5
NY0128,business,business,1.0
NY0130,business,business,1.0
NY0131,re_construction,re_construction,1.0
NY0132,re_construction,re_construction,1.0
NY0133,re_rehab,re_rehab,1.0
NY0134,business,business,1.0
NY0135,business,business,1.0
NY0137,business,business,1.0
NY0138,business,business,1.0
NY0139,re_rehab,re_rehab,1.0
NY0140,re_construction,re_construction,1.0
NY0141,re_rehab,re_rehab,1.0
NY0142,re_rehab,re_rehab,1.0
NY0143,housing_sf_rehab,other_small,1.0
NY0144,re_rehab,re_rehab,1.0
NY0145,business,business,1.0
NY0146,re_rehab,re_rehab,1.0
NY0147,re_rehab,re_rehab,1.0
NY0148,re_rehab,re_rehab,1.0
NY0149,re_rehab,re_rehab,1.0
NY0150,re_construction,re_construction,0.9214659685863874
NY0152,business,business,1.0
NY0153,business,business,1.0
NY0154,re_construction,re_construction,1.0
NY0156,re_construction,re_construction,1.0
NY0157,re_construction,re_construction,1.0
NY0158,re_construction,re_construction,1.0
NY0159,re_construction,re_construction,1.0
NY0160,re_rehab,re_rehab,1.0
NY0161,re_rehab,re_rehab,1.0
NY0162,re_rehab,re_rehab,1.0
NY0163,business,business,1.0
NY0164,re_rehab,re_rehab,1.0
NY0165,business,business,1.0
NY0166,re_rehab,re_rehab,1.0
NY0167,re_rehab,re_rehab,0.5849732004564284
NY0169,re_rehab,re_rehab,1.0
NY0170,re_rehab,re_rehab,1.0
NY0171,business,business,1.0
NY0172,business,business,1.0
NY0173,business,business,0.605545815366145
NY0174,re_construction,re_construction,1.0
NY0175,re_construction,re_construction,0.7215541165587419
NY0177,re_construction,re_construction,1.0
NY0179,business,business,1.0
NY0180,re_rehab,re_rehab,1.0
NY0181,re_rehab,re_rehab,1.0
NY0182,other,other,0.7288629737609329
NY0183,re_rehab,re_rehab,1.0
NY0184,business,business,1.0
NY0186,re_rehab,re_rehab,1.0
NY0187,re_construction,re_construction,1.0
NY0188,business,business,0.45614035087719296
NY0189,re_rehab,re_rehab,0.5227157912050472
NY0190,business,business,1.0
NY0191,re_rehab,re_rehab,1.0
NY0192,re_construction,re_construction,1.0
NY0193,business,business,1.0
NY0194,re_construction,re_construction,1.0
NY0195,business,business,1.0
NY0196,housing_mf_new,other_small,0.5102040816326531
NY0197,re_construction,re_construction,1.0
NY0198,re_rehab,re_rehab,1.0
NY0199,re_construction,re_construction,0.9651385741676834
NY0200,re_construction,re_construction,0.7446494274265577
NY0201,business,business,1.0
NY0202,re_construction,re_construction,1.0
NY0203,re_construction,re_construction,1.0
NY0205,business,business,0.8013094402162607
NY0206,re_construction,re_construction,1.0
NY0207,business,business,1.0
NY0208,re_rehab,re_rehab,1.0
NY0209,re_rehab,re_rehab,1.0
NY0210,business,business,1.0
NY0211,re_construction,re_construction,0.5
NY0212,other,other,1.0
NY0213,re_rehab,re_rehab,1.0
NY0214,re_construction,re_construction,1.0
NY0215,business,business,1.0
NY0217,business,business,1.0
NY0218,other,other,1.0
NY0219,re_rehab,re_rehab,1.0
NY0220,re_construction,re_construction,1.0
NY0221,re_construction,re_construction,1.0
NY0222,business,business,1.0
NY0223,re_construction,re_construction,1.0
NY0224,re_construction,re_construction,1.0
NY0225,re_construction,re_construction,0.7409385730637161
NY0226,re_rehab,re_rehab,1.0
NY0227,business,business,1.0
NY0228,re_construction,re_construction,1.0
NY0229,re_construction,re_construction,0.5884274381707886
NY0230,re_rehab,re_rehab,1.0
NY0231,re_construction,re_construction,1.0
NY0232,re_construction,re_construction,1.0
NY0233,re_rehab,re_rehab,1.0
NY0234,re_construction,re_construction,1.0
NY0235,business,business,1.0
NY0236,re_construction,re_construction,0.6225930680359435
NY0237,re_construction,re_construction,1.0
NY0238,re_rehab,re_rehab,1.0
NY0239,re_rehab,re_rehab,1.0
NY0240,re_rehab,re_rehab,1.0
NY0241,re_rehab,re_rehab,1.0
NY0242,business,business,1.0
NY0243,re_construction,re_construction,0.7773820124666073
NY0244,re_rehab,re_rehab,0.5
NY0245,re_construction,re_construction,1.0
NY0246,business,business,1.0
NY0247,re_construction,re_construction,1.0
NY0248,re_rehab,re_rehab,0.8452129310653109
NY0249,re_construction,re_construction,1.0
NY0250,re_rehab,re_rehab,0.8841922408801389
NY0251,re_construction,re_construction,1.0
NY0252,other,other,1.0
NY0253,re_construction,re_construction,1.0
NY0254,re_rehab,re_rehab,1.0
NY0255,re_rehab,re_rehab,1.0
NY0256,re_rehab,re_rehab,1.0
NY0257,business,business,0.45635263612791704
NY0258,re_construction,re_construction,1.0
NY0259,re_construction,re_construction,1.0
NY0261,re_rehab,re_rehab,0.8682476943346509
NY0262,business,business,1.0
NY0263,business,business,1.0
NY0264,business,business,1.0
NY0265,re_construction,re_construction,1.0
NY0266,re_construction,re_construction,1.0
NY0267,re_construction,re_construction,0.5294117647058824
NY0268,re_rehab,re_rehab,1.0
NY0269,re_construction,re_construction,1.0
NY0270,business,business,1.0
NY0271,re_rehab,re_rehab,0.6155355041192625
NY0272,re_rehab,re_rehab,1.0
NY0273,re_construction,re_construction,1.0
NY0274,re_construction,re_construction,1.0
NY0276,re_construction,re_construction,1.0
NY0277,re_construction,re_construction,1.0
NY0278,re_rehab,re_rehab,1.0
NY0279,re_construction,re_construction,0.5019404915912031
NY0280,business,business,1.0
NY0281,business,business,1.0
NY0282,business,business,1.0
NY0283,re_rehab,re_rehab,1.0
NY0284,re_rehab,re_rehab,1.0
NY0285,re_rehab,re_rehab,1.0
NY0286,re_construction,re_construction,1.0
NY0287,re_rehab,re_rehab,1.0
NY0288,re_rehab,re_rehab,1.0
NY0289,re_rehab,re_rehab,1.0
NY0290,re_rehab,re_rehab,1.0
NY0291,re_rehab,re_rehab,1.0
NY0292,business,business,1.0
NY0293,business,business,1.0
NY0294,re_rehab,re_rehab,1.0
NY0295,business,business,0.5466192170818506
NY0296,re_construction,re_construction,1.0
NY0297,re_rehab,re_rehab,1.0
NY0298,re_construction,re_construction,1.0
NY0299,re_construction,re_construction,1.0
NY0300,re_construction,re_construction,1.0
NY0301,re_construction,re_construction,1.0
NY0302,re_rehab,re_rehab,1.0
NY0303,re_construction,re_construction,1.0
NY0304,business,business,1.0
NY0305,re_construction,re_construction,1.0
NY0307,re_rehab,re_rehab,1.0
NY0308,re_rehab,re_rehab,1.0
NY0309,re_construction,re_construction,1.0
NY0310,business,business,1.0
NY0311,business,business,1.0
NY0312,re_construction,re_construction,1.0
NY0313,business,business,1.0
NY0314,re_construction,re_construction,1.0
NY0315,re_construction,re_construction,1.0
NY0316,re_rehab,re_rehab,1.0
NY0317,re_rehab,re_rehab,1.0
NY0318,re_construction,re_construction,1.0
NY0319,re_construction,re_construction,1.0
NY0320,re_rehab,re_rehab,1.0
NY0321,re_construction,re_construction,0.5288852725793328
NY0323,re_construction,re_construction,1.0
NY0325,re_construction,re_construction,1.0
NY0326,re_construction,re_construction,1.0
NY0327,re_construction,re_construction,1.0
NY0328,re_construction,re_construction,1.0
NY0329,business,business,1.0
NY0330,business,business,1.0
OH0001,re_construction,re_construction,1.0
OH0002,business,business,1.0
OH0003,re_construction,re_construction,1.0
OH0004,business,business,1.0
OH0005,re_construction,re_construction,1.0
OH0006,business,business,1.0
OH0007,re_rehab,re_rehab,1.0
OH0008,business,business,1.0
OH0009,re_rehab,re_rehab,1.0
OH0010,business,business,1.0
OH0011,re_rehab,re_rehab,1.0
OH0012,re_rehab,re_rehab,1.0
OH0013,re_rehab,re_rehab,1.0
OH0014,housing_mf_rehab,other_small,0.6764659659496852
OH0015,housing_mf_rehab,other_small,0.9487594842960453
OH0016,housing_mf_rehab,other_small,0.6771884079564926
OH0017,housing_mf_rehab,other_small,1.0
OH0018,housing_mf_rehab,other_small,0.8600323947072369
OH0019,re_rehab,re_rehab,1.0
OH0020,re_construction,re_construction,1.0
OH0021,re_rehab,re_rehab,0.6446785033612802
OH0023,re_construction,re_construction,1.0
OH0024,re_rehab,re_rehab,1.0
OH0025,re_rehab,re_rehab,1.0
OH0026,re_rehab,re_rehab,0.4
OH0028,housing_mf_rehab,other_small,0.9531951525154608
OH0029,business,business,1.0
OH0031,housing_mf_rehab,other_small,1.0
OH0032,housing_mf_new,other_small,0.5702614379084967
OH0033,housing_mf_rehab,other_small,0.991251029316401
OH0034,housing_sf_new,housing_sf_new,1.0
OH0035,housing_sf_new,housing_sf_new,1.0
OH0036,re_rehab,re_rehab,1.0
OH0038,housing_sf_new,housing_sf_new,1.0
OH0039,re_construction,re_construction,1.0
OH0040,business,business,1.0
OH0041,re_construction,re_construction,1.0
OH0042,re_construction,re_construction,1.0
OH0044,re_construction,re_construction,1.0
OH0045,re_construction,re_construction,1.0
OH0047,re_construction,re_construction,1.0
OH0048,re_rehab,re_rehab,1.0
OH0050,re_rehab,re_rehab,1.0
OH0051,other,other,1.0
OH0052,re_rehab,re_rehab,0.6625028100109981
OH0053,business,business,1.0
OH0054,re_construction,re_construction,1.0
OH0055,re_rehab,re_rehab,1.0
OH0056,re_rehab,re_rehab,1.0
OH0057,housing_sf_rehab,other_small,1.0
OH0058,business,business,0.5756494520958979
OH0060,re_rehab,re_rehab,1.0
OH0062,re_rehab,re_rehab,1.0
OH0063,re_rehab,re_rehab,1.0
OH0064,re_construction,re_construction,1.0
OH0065,housing_sf_new,housing_sf_new,0.8810572687224669
OH0067,re_rehab,re_rehab,1.0
OH0068,re_rehab,re_rehab,1.0
OH0070,re_rehab,re_rehab,1.0
OH0071,re_construction,re_construction,1.0
OH0072,business,business,1.0
OH0073,re_rehab,re_rehab,1.0
OH0074,re_construction,re_construction,1.0
OH0075,re_rehab,re_rehab,1.0
OH0077,re_rehab,re_rehab,1.0
OH0078,re_rehab,re_rehab,0.8
OH0079,housing_sf_new,housing_sf_new,1.0
OH0080,re_rehab,re_rehab,1.0
OH0081,re_rehab,re_rehab,1.0
OH0082,re_rehab,re_rehab,1.0
OH0083,re_rehab,re_rehab,1.0
OH0084,re_rehab,re_rehab,1.0
OH0085,re_rehab,re_rehab,1.0
OH0086,re_construction,re_construction,1.0
OH0087,re_construction,re_construction,1.0
OH0088,re_rehab,re_rehab,1.0
OH0089,business,business,1.0
OH0090,business,business,1.0
OH0091,housing_sf_rehab,other_small,1.0
OH0092,re_rehab,re_rehab,1.0
OH0093,business,business,1.0
OH0094,business,business,1.0
OH0095,re_rehab,re_rehab,1.0
OH0096,re_construction,re_construction,1.0
OH0097,re_construction,re_construction,1.0
OH0098,re_rehab,re_rehab,1.0
OH0099,re_rehab,re_rehab,1.0
OH0100,re_construction,re_construction,1.0
OH0101,re_rehab,re_rehab,0.7961610327841006
OH0102,business,business,0.47336071445992034
OH0104,business,business,1.0
OH0105,re_rehab,re_rehab,1.0
OH0106,re_rehab,re_rehab,1.0
OH0107,re_construction,re_construction,1.0
OH0108,housing_mf_rehab,other_small,0.9063444108761329
OH0109,re_rehab,re_rehab,1.0
OH0110,re_rehab,re_rehab,1.0
OH0111,re_construction,re_construction,1.0
OH0112,re_rehab,re_rehab,1.0
OH0115,re_construction,re_construction,1.0
OH0116,housing_sf_new,housing_sf_new,1.0
OH0117,business,business,1.0
OH0118,re_rehab,re_rehab,1.0
OH0119,housing_sf_new,housing_sf_new,1.0
OH0120,re_construction,re_construction,1.0
OH0121,re_construction,re_construction,1.0
OH0122,business,business,1.0
OH0124,re_construction,re_construction,1.0
OH0127,re_rehab,re_rehab,1.0
OH0128,other,other,1.0
OH0129,business,business,1.0
OH0130,re_rehab,re_rehab,1.0
OH0131,re_rehab,re_rehab,1.0
OH0132,housing_sf_new,housing_sf_new,1.0
OH0133,business,business,1.0
OH0134,business,business,1.0
OH0135,re_rehab,re_rehab,1.0
OH0136,business,business,1.0
OH0137,re_construction,re_construction,1.0
OH0138,re_rehab,re_rehab,1.0
OH0139,re_construction,re_construction,1.0
OH0140,re_rehab,re_rehab,1.0
OH0141,other,other,1.0
OH0142,business,business,1.0
OH0143,business,business,1.0
OH0144,business,business,1.0
OH0145,housing_sf_new,housing_sf_new,0.6124031007751938
OH0146,business,business,1.0
OH0147,re_rehab,re_rehab,1.0
OH0148,business,business,1.0
OH0149,re_construction,re_construction,1.0
OH0150,business,business,1.0
OH0151,business,business,1.0
OH0152,re_rehab,re_rehab,1.0
OH0153,re_construction,re_construction,1.0
OH0154,re_rehab,re_rehab,1.0
OH0155,business,business,1.0
OH0156,re_construction,re_construction,1.0
OH0157,re_construction,re_construction,1.0
OH0158,re_construction,re_construction,1.0
OH0159,housing_mf_new,other_small,1.0
OH0160,business,business,1.0
OH0161,business,business,1.0
OH0163,business,business,1.0
OH0164,business,business,1.0
OH0165,business,business,1.0
OH0166,re_construction,re_construction,1.0
OH0167,business,business,1.0
OH0168,re_construction,re_construction,1.0
OH0169,re_rehab,re_rehab,1.0
OH0170,business,business,1.0
OH0171,business,business,1.0
OH0172,business,business,1.0
OH0173,business,business,1.0
OH0174,re_rehab,re_rehab,1.0
OH0175,business,business,1.0
OH0176,business,business,1.0
OH0177,business,business,1.0
OH0178,business,business,1.0
OH0179,re_construction,re_construction,1.0
OH0180,business,business,1.0
OH0181,business,business,1.0
OH0182,re_construction,re_construction,1.0
OH0183,business,business,1.0
OH0184,business,business,1.0
OH0185,business,business,1.0
OH0186,re_rehab,re_rehab,1.0
OH0187,business,business,1.0
OH0188,re_construction,re_construction,1.0
OH0189,business,business,1.0
OH0190,business,business,1.0
OH0191,business,business,1.0
OH0192,business,business,1.0
OH0193,business,business,1.0
OH0194,business,business,1.0
OH0195,business,business,1.0
OH0196,business,business,1.0
OH0197,business,business,1.0
OH0198,business,business,1.0
OH0199,re_construction,re_construction,1.0
OH0200,business,business,1.0
OH0201,business,business,1.0
OH0202,re_construction,re_construction,0.8895847129416742
OH0203,re_construction,re_construction,1.0
OH0204,re_construction,re_construction,1.0
OH0205,re_rehab,re_rehab,1.0
OH0206,re_rehab,re_rehab,1.0
OH0207,re_rehab,re_rehab,1.0
OH0208,other,other,1.0
OH0209,re_rehab,re_rehab,1.0
OH0210,business,business,1.0
OH0211,business,business,1.0
OH0212,business,business,1.0
OH0213,re_rehab,re_rehab,1.0
OH0214,business,business,1.0
OH0215,business,business,1.0
OH0216,business,business,1.0
OH0217,re_construction,re_construction,1.0
OH0218,re_construction,re_construction,1.0
OH0219,re_rehab,re_rehab,1.0
OH0220,re_construction,re_construction,1.0
OH0221,business,business,1.0
OH0222,business,business,1.0
OH0223,re_construction,re_construction,1.0
OH0224,re_rehab,re_rehab,1.0
OH0225,business,business,1.0
OH0226,business,business,1.0
OH0227,re_construction,re_construction,1.0
OH0228,business,business,1.0
OH0229,business,business,1.0
OH0230,re_rehab,re_rehab,1.0
OH0231,business,business,1.0
OH0232,business,business,1.0
OH0233,re_rehab,re_rehab,1.0
OH0234,re_construction,re_construction,1.0
OH0235,business,business,1.0
OH0236,business,business,1.0
OH0237,business,business,1.0
OH0238,re_rehab,re_rehab,0.5725190839694656
OH0239,business,business,1.0
OH0240,re_construction,re_construction,1.0
OH0242,re_rehab,re_rehab,1.0
OH0243,re_construction,re_construction,1.0
OH0244,re_construction,re_construction,1.0
OH0245,business,business,1.0
OH0246,re_rehab,re_rehab,1.0
OH0247,re_construction,re_construction,1.0
OH0248,business,business,1.0
OH0249,business,business,1.0
OH0250,business,business,1.0
OH0251,business,business,1.0
OH0252,re_rehab,re_rehab,0.656934306569343
OH0253,business,business,1.0
OH0254,business,business,1.0
OH0255,business,business,1.0
OH0256,business,business,1.0
OH0257,business,business,1.0
OH0258,business,business,1.0
OH0259,business,business,1.0
OH0260,business,business,1.0
OH0261,business,business,1.0
OH0262,re_construction,re_construction,1.0
OH0263,re_construction,re_construction,1.0
OH0264,business,business,1.0
OH0265,business,business,1.0
OH0266,re_construction,re_construction,0.6135262862608479
OH0267,re_rehab,re_rehab,1.0
OH0268,re_rehab,re_rehab,1.0
OH0269,re_rehab,re_rehab,1.0
OH0270,re_construction,re_construction,1.0
OH0271,housing_sf_rehab,other_small,1.0
OH0272,business,business,0.5706040344197139
OH0273,re_rehab,re_rehab,1.0
OH0274,re_rehab,re_rehab,1.0
OH0275,business,business,0.7866666666666666
OH0276,re_rehab,re_rehab,1.0
OH0277,business,business,0.6024590163934426
OH0278,business,business,1.0
OH0279,re_construction,re_construction,1.0
OH0280,re_rehab,re_rehab,1.0
OH0281,business,business,1.0
OH0282,re_construction,re_construction,1.0
OH0283,re_construction,re_construction,1.0
OH0284,re_construction,re_construction,1.0
OH0285,business,business,1.0
OH0286,business,business,1.0
OH0287,business,business,1.0
OH0288,business,business,1.0
OH0289,business,business,1.0
OH0290,business,business,1.0
OH0291,re_rehab,re_rehab,0.7935779816513762
OH0292,business,business,1.0
OH0293,re_construction,re_construction,1.0
OH0294,re_construction,re_construction,1.0
OH0295,re_rehab,re_rehab,1.0
OH0296,re_rehab,re_rehab,1.0
OH0297,re_construction,re_construction,0.9030674846625767
OH0298,business,business,1.0
OH0299,re_construction,re_construction,1.0
OH0300,housing_mf_new,other_small,1.0
OH0301,re_construction,re_construction,1.0
OH0302,re_construction,re_construction,1.0
OH0303,re_construction,re_construction,1.0
OH0304,business,business,1.0
OH0305,re_rehab,re_rehab,1.0
OH0306,re_construction,re_construction,1.0
OH0307,business,business,1.0
OH0308,re_rehab,re_rehab,1.0
OH0309,re_construction,re_construction,1.0
OH0310,re_rehab,re_rehab,1.0
OH0311,business,business,0.5154639175257731
OH0313,business,business,1.0
OH0315,re_rehab,re_rehab,1.0
OH0316,re_construction,re_construction,1.0
OH0317,re_construction,re_construction,1.0
OH0318,housing_mf_new,other_small,1.0
OH0319,re_rehab,re_rehab,0.7233201581027668
OH0320,business,business,1.0
OH0321,business,business,1.0
OH0322,re_construction,re_construction,1.0
OH0323,re_construction,re_construction,1.0
OH0324,re_construction,re_construction,1.0
OH0325,business,business,1.0
OH0326,business,business,1.0
OH0327,business,business,1.0
OH0328,re_construction,re_construction,1.0
OH0329,re_construction,re_construction,1.0
OH0330,business,business,0.5271176112126752
OH0331,re_construction,re_construction,1.0
OH0332,business,business,1.0
OH0333,business,business,0.7142857142857143
OH0334,re_construction,re_construction,1.0
OH0335,business,business,1.0
OH0336,business,business,1.0
OH0337,re_construction,re_construction,1.0
OH0338,business,business,1.0
OH0339,business,business,1.0
OH0340,business,business,1.0
OH0341,business,business,1.0
OH0342,re_construction,re_construction,1.0
OH0343,business,business,1.0
OH0344,re_rehab,re_rehab,0.8823529411764706
OH0345,business,business,1.0
OH0346,re_rehab,re_rehab,1.0
OH0347,re_rehab,re_rehab,1.0
OH0348,re_rehab,re_rehab,0.9710499606090189
OH0349,business,business,1.0
OH0350,re_construction,re_construction,0.8034398034398035
OH0351,business,business,1.0
OH0352,re_rehab,re_rehab,1.0
OH0353,re_rehab,re_rehab,1.0
OH0354,re_rehab,re_rehab,1.0
OH0355,business,business,1.0
OH0356,re_rehab,re_rehab,1.0
OH0357,re_construction,re_construction,0.5947136563876652
OH0358,re_rehab,re_rehab,1.0
OH0359,business,business,1.0
OH0360,business,business,1.0
OH0361,business,business,1.0
OH0362,re_rehab,re_rehab,1.0
OH0363,re_construction,re_construction,1.0
OH0364,re_construction,re_construction,1.0
OH0365,re_rehab,re_rehab,1.0
OH0366,re_construction,re_construction,1.0
OH0367,re_rehab,re_rehab,1.0
OH0368,re_rehab,re_rehab,1.0
OH0369,re_construction,re_construction,1.0
OH0370,business,business,1.0
OH0371,re_construction,re_construction,1.0
OH0372,business,business,1.0
OH0374,re_construction,re_construction,1.0
OH0375,re_rehab,re_rehab,1.0
OH0376,re_construction,re_construction,1.0
OH0377,business,business,1.0
OH0378,re_rehab,re_rehab,1.0
OH0379,business,business,1.0
OH0380,re_rehab,re_rehab,1.0
OH0381,re_rehab,re_rehab,1.0
OH0382,re_rehab,re_rehab,1.0
OH0383,re_rehab,re_rehab,1.0
OH0384,re_rehab,re_rehab,1.0
OH0385,re_rehab,re_rehab,1.0
OH0386,re_construction,re_construction,1.0
OH0387,re_construction,re_construction,0.5
OH0388,business,business,1.0
OH0389,re_construction,re_construction,1.0
OH0390,re_construction,re_construction,1.0
OH0391,re_rehab,re_rehab,1.0
OH0392,housing_sf_rehab,other_small,1.0
OH0393,re_rehab,re_rehab,1.0
OH0394,re_rehab,re_rehab,1.0
OH0395,re_rehab,re_rehab,1.0
OH0396,other,other,1.0
OH0397,re_rehab,re_rehab,0.877117414321538
OH0398,re_rehab,re_rehab,1.0
OH0399,re_rehab,re_rehab,1.0
OH0400,re_construction,re_construction,1.0
OH0401,re_rehab,re_rehab,1.0
OH0402,re_construction,re_construction,1.0
OH0403,re_rehab,re_rehab,1.0
OH0404,re_construction,re_construction,0.6309148264984227
OH0405,re_construction,re_construction,0.6728197400640422
OH0406,re_construction,re_construction,1.0
OH0407,business,business,1.0
OH0408,re_construction,re_construction,1.0
OH0409,re_rehab,re_rehab,1.0
OH0410,re_construction,re_construction,1.0
OH0411,business,business,1.0
OH0412,business,business,1.0
OH0413,re_rehab,re_rehab,1.0
OH0414,re_rehab,re_rehab,1.0
OH0415,re_rehab,re_rehab,1.0
OH0416,business,business,1.0
OH0417,re_construction,re_construction,1.0
OH0418,re_construction,re_construction,1.0
OH0419,re_construction,re_construction,1.0
OH0420,business,business,1.0
OH0421,re_construction,re_construction,1.0
OH0422,re_rehab,re_rehab,1.0
OH0423,business,business,1.0
OH0424,re_construction,re_construction,1.0
OH0425,re_construction,re_construction,0.6033320111067036
OH0426,re_rehab,re_rehab,1.0
OH0427,housing_sf_new,housing_sf_new,1.0
OH0428,business,business,1.0
OH0430,business,business,1.0
OH0431,re_construction,re_construction,1.0
OH0432,business,business,1.0
OH0433,re_construction,re_construction,1.0
OH0434,business,business,1.0
OH0435,re_construction,re_construction,1.0
OH0436,business,business,1.0
OH0437,re_rehab,re_rehab,1.0
OH0438,re_construction,re_construction,1.0
OH0439,re_construction,re_construction,1.0
OH0440,re_construction,re_construction,1.0
OH0441,business,business,1.0
OH0442,re_rehab,re_rehab,0.4635135135135135
OH0444,business,business,1.0
OH0445,re_rehab,re_rehab,0.7843137254901961
OH0446,re_rehab,re_rehab,0.7983706720977597
OH0447,re_rehab,re_rehab,1.0
OH0448,business,business,1.0
OH0449,business,business,1.0
OH0450,business,business,1.0
OH0451,re_construction,re_construction,1.0
OH0452,re_construction,re_construction,1.0
OH0453,re_construction,re_construction,1.0
OH0454,business,business,1.0
OH0455,business,business,1.0
OH0456,re_construction,re_construction,1.0
OH0457,re_rehab,re_rehab,1.0
OH0458,re_rehab,re_rehab,1.0
OH0460,re_rehab,re_rehab,1.0
OH0461,re_construction,re_construction,1.0
OH0462,re_construction,re_construction,1.0
OH0463,business,business,1.0
OH0464,re_construction,re_construction,1.0
OH0465,housing_sf_new,housing_sf_new,1.0
OH0466,re_rehab,re_rehab,1.0
OH0467,business,business,1.0
OH0468,business,business,1.0
OH0469,re_construction,re_construction,1.0
OH0470,housing_mf_rehab,other_small,1.0
OH0471,re_rehab,re_rehab,1.0
OH0472,re_rehab,re_rehab,1.0
OH0475,re_rehab,re_rehab,1.0
OH0476,re_construction,re_construction,1.0
OH0477,business,business,1.0
OH0478,business,business,1.0
OH0479,re_construction,re_construction,1.0
OH0480,re_rehab,re_rehab,1.0
OH0481,re_rehab,re_rehab,1.0
OH0482,re_construction,re_construction,1.0
OH0483,business,business,1.0
OH0484,business,business,1.0
OH0485,business,business,1.0
OH0486,re_construction,re_construction,1.0
OH0487,re_construction,re_construction,1.0
OH0488,re_construction,re_construction,0.5217391304347826
OH0489,re_construction,re_construction,1.0
OH0490,business,business,1.0
OH0491,re_construction,re_construction,1.0
OH0492,re_rehab,re_rehab,1.0
OH0496,re_rehab,re_rehab,1.0
OH0499,re_rehab,re_rehab,1.0
OH0501,re_rehab,re_rehab,1.0
OH0502,re_rehab,re_rehab,1.0
OH0503,business,business,1.0
OH0504,re_rehab,re_rehab,1.0
OH0505,re_rehab,re_rehab,1.0
OH0506,re_construction,re_construction,0.8050251256281407
OH0507,re_rehab,re_rehab,0.6190666134822497
OH0508,re_rehab,re_rehab,1.0
OH0509,re_rehab,re_rehab,1.0
OH0510,re_rehab,re_rehab,1.0
OH0512,business,business,1.0
OH0513,business,business,1.0
OH0514,business,business,1.0
OH0515,business,business,1.0
OH0516,re_rehab,re_rehab,1.0
OH0518,re_construction,re_construction,1.0
OH0519,re_construction,re_construction,1.0
OH0520,business,business,1.0
OH0521,business,business,1.0
OH0522,business,business,1.0
OH0523,re_rehab,re_rehab,1.0
OH0524,business,business,1.0
OH0525,re_rehab,re_rehab,1.0
OH0526,re_rehab,re_rehab,1.0
OH0527,re_rehab,re_rehab,0.945385035499727
OH0528,re_construction,re_construction,1.0
OH0529,re_construction,re_construction,1.0
OH0530,re_construction,re_construction,1.0
OH0531,re_rehab,re_rehab,1.0
OH0532,re_construction,re_construction,1.0
OH0533,business,business,1.0
OH0534,re_rehab,re_rehab,1.0
OH0535,re_rehab,re_rehab,1.0
OH0536,re_rehab,re_rehab,1.0
OH0537,re_construction,re_construction,1.0
OH0538,re_rehab,re_rehab,1.0
OH0539,re_rehab,re_rehab,0.7722829212190915
OH0540,re_rehab,re_rehab,1.0
OH0541,business,business,1.0
OH0542,business,business,1.0
OH0543,business,business,1.0
OH0544,business,business,1.0
OH0545,business,business,1.0
OH0546,business,business,1.0
OH0547,re_construction,re_construction,1.0
OH0548,re_construction,re_construction,1.0
OH0549,re_rehab,re_rehab,1.0
OH0550,housing_mf_new,other_small,1.0
OH0551,business,business,1.0
OH0552,re_construction,re_construction,1.0
OH0553,business,business,1.0
OH0554,business,business,1.0
OH0555,re_rehab,re_rehab,1.0
OH0556,re_construction,re_construction,1.0
OH0557,re_rehab,re_rehab,1.0
OH0558,re_construction,re_construction,1.0
OH0559,re_construction,re_construction,1.0
OH0560,re_construction,re_construction,1.0
OH0561,re_construction,re_construction,1.0
OH0562,re_construction,re_construction,1.0
OH0563,re_rehab,re_rehab,1.0
OH0564,re_rehab,re_rehab,1.0
OH0565,re_rehab,re_rehab,1.0
OH0566,business,business,1.0
OH0567,re_rehab,re_rehab,1.0
OH0568,business,business,1.0
OH0569,re_rehab,re_rehab,1.0
OH0570,re_rehab,re_rehab,1.0
OH0571,re_rehab,re_rehab,1.0
OH0572,business,business,1.0
OH0573,re_construction,re_construction,1.0
OH0574,business,business,1.0
OH0575,re_rehab,re_rehab,1.0
OH0576,business,business,1.0
OH0577,business,business,1.0
OH0578,re_rehab,re_rehab,1.0
OH0579,business,business,1.0
OH0580,re_construction,re_construction,1.0
OH0581,re_construction,re_construction,1.0
OH0582,business,business,1.0
OH0583,re_rehab,re_rehab,1.0
OH0584,re_construction,re_construction,1.0
OH0585,re_construction,re_construction,1.0
OH0586,re_rehab,re_rehab,1.0
OH0587,re_rehab,re_rehab,1.0
OH0588,re_construction,re_construction,1.0
OH0589,re_construction,re_construction,0.5297882816346627
OH0590,re_rehab,re_rehab,1.0
OH0591,re_construction,re_construction,1.0
OH0592,re_construction,re_construction,1.0
OH0593,re_construction,re_construction,1.0
OH0594,re_rehab,re_rehab,0.6951587160844122
OH0595,re_construction,re_construction,0.6964224872231687
OH0596,re_rehab,re_rehab,1.0
OH0597,business,business,1.0
OH0598,re_construction,re_construction,1.0
OH0599,business,business,1.0
OH0600,re_construction,re_construction,1.0
OH0601,business,business,1.0
OH0602,re_rehab,re_rehab,1.0
OH0603,housing_mf_rehab,other_small,1.0
OH0604,business,business,1.0
OH0605,re_construction,re_construction,1.0
OH0606,housing_mf_new,other_small,1.0
OH0607,re_rehab,re_rehab,1.0
OH0608,re_rehab,re_rehab,1.0
OH0609,re_construction,re_construction,1.0
OH0610,re_rehab,re_rehab,1.0
OH0611,re_rehab,re_rehab,1.0
OH0612,re_rehab,re_rehab,1.0
OH0613,business,business,1.0
OH0614,business,business,1.0
OH0615,business,business,1.0
OH0616,re_construction,re_construction,1.0
OH0617,housing_sf_new,housing_sf_new,1.0
OH0618,re_construction,re_construction,1.0
OH0619,re_construction,re_construction,1.0
OH0620,business,business,1.0
OH0623,business,business,1.0
OH0624,re_construction,re_construction,1.0
OH0625,re_construction,re_construction,1.0
OH0627,re_rehab,re_rehab,1.0
OH0628,re_construction,re_construction,1.0
OH0629,re_construction,re_construction,1.0
OH0630,re_rehab,re_rehab,0.7649909145972138
OH0633,re_rehab,re_rehab,1.0
OH0634,housing_mf_rehab,other_small,1.0
OH0635,housing_mf_rehab,other_small,1.0
OH0636,housing_mf_rehab,other_small,1.0
OH0637,business,business,1.0
OH0638,business,business,1.0
OH0639,re_rehab,re_rehab,1.0
OH0640,re_construction,re_construction,1.0
OH0642,business,business,1.0
OH0643,business,business,1.0
OH0646,re_construction,re_construction,1.0
OH0648,re_rehab,re_rehab,1.0
OH0650,re_construction,re_construction,1.0
OH0651,re_construction,re_construction,1.0
OH0652,business,business,1.0
OH0654,re_rehab,re_rehab,1.0
OH0655,re_rehab,re_rehab,1.0
OH0656,re_construction,re_construction,1.0
OH0657,re_construction,re_construction,1.0
OH0658,re_construction,re_construction,1.0
OH0659,re_rehab,re_rehab,1.0
OH0660,re_rehab,re_rehab,1.0
OH0661,business,business,1.0
OH0662,business,business,1.0
OH0663,re_construction,re_construction,1.0
OH0664,re_rehab,re_rehab,1.0
OH0665,re_rehab,re_rehab,1.0
OH0667,business,business,1.0
OH0668,business,business,1.0
OH0669,business,business,1.0
OH0670,business,business,1.0
OH0671,re_rehab,re_rehab,1.0
OH0672,re_construction,re_construction,1.0
OH0673,re_rehab,re_rehab,1.0
OH0674,re_rehab,re_rehab,1.0
OH0675,re_construction,re_construction,1.0
OH0676,re_rehab,re_rehab,1.0
OH0677,re_construction,re_construction,1.0
OH0678,re_construction,re_construction,1.0
OK0001,business,business,1.0
OK0002,re_construction,re_construction,1.0
OK0003,business,business,1.0
OK0005,business,business,1.0
OK0006,re_construction,re_construction,1.0
OK0007,business,business,1.0
OK0008,re_construction,re_construction,1.0
OK0009,re_construction,re_construction,1.0
OK0010,business,business,1.0
OK0011,business,business,1.0
OK0013,business,business,1.0
OK0014,business,business,1.0
OK0015,re_construction,re_construction,1.0
OK0017,business,business,1.0
OK0018,business,business,1.0
OK0019,business,business,0.8771929824561403
OK0021,re_rehab,re_rehab,1.0
OK0022,business,business,1.0
OK0023,re_rehab,re_rehab,0.7301587301587301
OK0024,business,business,1.0
OK0025,business,business,1.0
OK0026,re_rehab,re_rehab,1.0
OK0027,business,business,1.0
OK0028,business,business,1.0
OK0029,business,business,1.0
OK0031,business,business,1.0
OK0032,business,business,1.0
OK0033,re_construction,re_construction,1.0
OK0035,business,business,1.0
OK0036,re_construction,re_construction,1.0
OK0037,re_rehab,re_rehab,1.0
OK0038,housing_mf_new,other_small,1.0
OK0039,business,business,1.0
OK0040,re_construction,re_construction,1.0
OK0041,business,business,1.0
OK0042,re_rehab,re_rehab,1.0
OK0043,business,business,1.0
OK0044,re_rehab,re_rehab,1.0
OK0045,re_rehab,re_rehab,1.0
OK0046,re_construction,re_construction,1.0
OK0047,business,business,1.0
OK0049,business,business,1.0
OK0050,re_construction,re_construction,1.0
OK0051,re_rehab,re_rehab,1.0
OK0052,re_rehab,re_rehab,1.0
OK0053,re_rehab,re_rehab,1.0
OK0054,business,business,1.0
OK0055,re_construction,re_construction,0.8027777777777778
OK0056,business,business,1.0
OK0057,business,business,1.0
OK0058,business,business,1.0
OK0059,business,business,1.0
OK0060,business,business,1.0
OK0061,business,business,1.0
OK0062,re_construction,re_construction,1.0
OK0063,re_rehab,re_rehab,1.0
OK0064,housing_sf_new,housing_sf_new,1.0
OK0065,re_construction,re_construction,1.0
OK0066,business,business,0.9714285714285714
OK0067,business,business,1.0
OK0068,re_rehab,re_rehab,0.5
OK0069,re_construction,re_construction,1.0
OK0070,re_construction,re_construction,1.0
OK0071,re_rehab,re_rehab,1.0
OK0072,re_construction,re_construction,1.0
OK0073,business,business,1.0
OK0074,re_rehab,re_rehab,1.0
OK0075,re_construction,re_construction,1.0
OK0076,re_construction,re_construction,1.0
OK0077,re_rehab,re_rehab,0.6111111111111112
OK0078,business,business,1.0
OK0079,re_construction,re_construction,1.0
OK0080,re_rehab,re_rehab,1.0
OK0081,re_construction,re_construction,1.0
OK0082,re_construction,re_construction,1.0
OK0083,re_construction,re_construction,1.0
OK0084,business,business,0.7132157287868336
OK0085,re_rehab,re_rehab,1.0
OK0086,re_rehab,re_rehab,1.0
OK0087,re_rehab,re_rehab,1.0
OK0088,re_rehab,re_rehab,1.0
OK0089,re_rehab,re_rehab,1.0
OK0090,re_rehab,re_rehab,1.0
OK0091,re_rehab,re_rehab,1.0
OK0092,re_rehab,re_rehab,1.0
OK0093,re_construction,re_construction,1.0
OK0094,re_construction,re_construction,1.0
OK0095,re_construction,re_construction,1.0
OK0096,business,business,1.0
OK0097,re_rehab,re_rehab,1.0
OK0099,re_construction,re_construction,1.0
OK0100,re_construction,re_construction,1.0
OK0101,re_construction,re_construction,1.0
OK0102,re_construction,re_construction,1.0
OK0103,business,business,1.0
OK0104,re_rehab,re_rehab,0.5926680244399185
OK0105,re_construction,re_construction,1.0
OK0106,re_construction,re_construction,1.0
OK0107,business,business,1.0
OK0108,re_construction,re_construction,0.5588235294117647
OK0109,re_rehab,re_rehab,1.0
OK0110,re_construction,re_construction,1.0
OK0111,re_construction,re_construction,1.0
OK0112,re_construction,re_construction,1.0
OK0113,re_rehab,re_rehab,1.0
OK0114,re_construction,re_construction,1.0
OK0115,re_construction,re_construction,1.0
OK0116,business,business,1.0
OK0117,re_construction,re_construction,1.0
OK0118,re_construction,re_construction,1.0
OK0119,re_construction,re_construction,1.0
OK0120,business,business,1.0
OK0122,re_construction,re_construction,1.0
OK0124,business,business,1.0
OK0125,re_construction,re_construction,1.0
OK0126,business,business,1.0
OK0127,business,business,1.0
OR0001,business,business,1.0
OR0002,re_rehab,re_rehab,1.0
OR0003,re_construction,re_construction,1.0
OR0004,business,business,1.0
OR0005,business,business,1.0
OR0006,business,business,1.0
OR0007,business,business,1.0
OR0008,business,business,1.0
OR0009,business,business,1.0
OR0010,business,business,1.0
OR0011,re_construction,re_construction,1.0
OR0012,business,business,1.0
OR0013,business,business,1.0
OR0016,re_rehab,re_rehab,1.0
OR0017,microenterprise,other_small,1.0
OR0018,re_rehab,re_rehab,1.0
OR0020,re_rehab,re_rehab,1.0
OR0021,re_rehab,re_rehab,1.0
OR0022,business,business,1.0
OR0023,microenterprise,other_small,1.0
OR0024,re_construction,re_construction,1.0
OR0025,re_rehab,re_rehab,1.0
OR0026,re_rehab,re_rehab,1.0
OR0027,re_rehab,re_rehab,1.0
OR0028,business,business,1.0
OR0029,microenterprise,other_small,1.0
OR0030,microenterprise,other_small,1.0
OR0031,re_rehab,re_rehab,1.0
OR0032,business,business,1.0
OR0033,re_rehab,re_rehab,1.0
OR0034,re_construction,re_construction,1.0
OR0035,microenterprise,other_small,1.0
OR0037,microenterprise,other_small,1.0
OR0038,re_construction,re_construction,1.0
OR0039,microenterprise,other_small,1.0
OR0040,microenterprise,other_small,1.0
OR0041,business,business,1.0
OR0042,microenterprise,other_small,1.0
OR0043,re_rehab,re_rehab,1.0
OR0045,re_rehab,re_rehab,1.0
OR0046,re_rehab,re_rehab,1.0
OR0047,microenterprise,other_small,1.0
OR0048,microenterprise,other_small,1.0
OR0049,microenterprise,other_small,1.0
OR0050,re_rehab,re_rehab,1.0
OR0051,re_rehab,re_rehab,1.0
OR0053,re_rehab,re_rehab,1.0
OR0054,re_construction,re_construction,1.0
OR0055,re_rehab,re_rehab,1.0
OR0056,business,business,1.0
OR0057,re_rehab,re_rehab,0.6453475410848799
OR0059,re_rehab,re_rehab,1.0
OR0060,re_rehab,re_rehab,1.0
OR0062,re_rehab,re_rehab,1.0
OR0063,business,business,1.0
OR0064,re_construction,re_construction,1.0
OR0068,re_construction,re_construction,1.0
OR0070,re_construction,re_construction,1.0
OR0072,re_construction,re_construction,1.0
OR0074,business,business,1.0
OR0076,business,business,1.0
OR0077,business,business,1.0
OR0078,microenterprise,other_small,1.0
OR0079,re_construction,re_construction,1.0
OR0081,business,business,1.0
OR0082,business,business,1.0
OR0083,business,business,1.0
OR0084,re_construction,re_construction,1.0
OR0085,microenterprise,other_small,1.0
OR0086,business,business,1.0
OR0088,business,business,0.723345140513462
OR0089,microenterprise,other_small,1.0
OR0090,re_construction,re_construction,1.0
OR0091,housing_sf_new,housing_sf_new,1.0
OR0092,re_rehab,re_rehab,0.8873405017714415
OR0093,microenterprise,other_small,1.0
OR0095,business,business,1.0
OR0096,re_construction,re_construction,1.0
OR0097,business,business,1.0
OR0098,re_construction,re_construction,0.5809727418492785
OR0099,business,business,1.0
OR0100,re_construction,re_construction,0.5962732919254659
OR0101,business,business,1.0
OR0103,business,business,1.0
OR0104,business,business,1.0
OR0105,re_rehab,re_rehab,1.0
OR0106,re_rehab,re_rehab,1.0
OR0107,microenterprise,other_small,1.0
OR0108,re_construction,re_construction,1.0
OR0109,business,business,1.0
OR0111,re_rehab,re_rehab,1.0
OR0112,business,business,1.0
OR0113,business,business,1.0
OR0114,business,business,1.0
OR0115,business,business,1.0
OR0116,re_construction,re_construction,1.0
OR0117,business,business,1.0
OR0118,business,business,1.0
OR0119,business,business,1.0
OR0120,business,business,1.0
OR0121,business,business,1.0
OR0122,business,business,1.0
OR0123,business,business,1.0
OR0124,business,business,1.0
OR0125,business,business,1.0
OR0126,business,business,1.0
OR0127,business,business,1.0
OR0128,business,business,1.0
OR0130,re_rehab,re_rehab,0.5861125
OR0131,business,business,1.0
OR0132,business,business,1.0
OR0133,business,business,1.0
OR0134,business,business,1.0
OR0135,business,business,1.0
OR0136,business,business,1.0
OR0137,business,business,1.0
OR0138,re_rehab,re_rehab,1.0
OR0139,re_rehab,re_rehab,0.6873697373905794
OR0140,business,business,1.0
OR0141,re_rehab,re_rehab,1.0
OR0143,business,business,1.0
OR0144,business,business,1.0
OR0145,business,business,1.0
OR0146,re_construction,re_construction,1.0
OR0147,re_construction,re_construction,1.0
OR0148,business,business,1.0
OR0149,housing_sf_new,housing_sf_new,1.0
OR0150,business,business,1.0
OR0151,business,business,1.0
OR0152,business,business,1.0
OR0153,business,business,1.0
OR0154,re_construction,re_construction,1.0
OR0156,re_construction,re_construction,1.0
OR0157,re_construction,re_construction,1.0
OR0158,re_rehab,re_rehab,1.0
OR0159,business,business,1.0
OR0161,housing_sf_new,housing_sf_new,1.0
OR0162,re_construction,re_construction,1.0
OR0163,re_rehab,re_rehab,1.0
OR0164,re_construction,re_construction,1.0
OR0165,business,business,1.0
OR0166,business,business,1.0
OR0167,re_construction,re_construction,1.0
OR0168,re_construction,re_construction,1.0
OR0169,other,other,1.0
OR0170,re_construction,re_construction,1.0
OR0171,business,business,1.0
OR0172,re_construction,re_construction,1.0
OR0173,re_construction,re_construction,1.0
OR0174,re_construction,re_construction,1.0
OR0175,business,business,1.0
OR0176,re_rehab,re_rehab,1.0
OR0177,re_construction,re_construction,0.5294117647058824
OR0178,re_construction,re_construction,1.0
OR0179,re_construction,re_construction,1.0
OR0180,re_construction,re_construction,1.0
OR0181,re_construction,re_construction,1.0
PA0001,re_construction,re_construction,1.0
PA0002,re_rehab,re_rehab,0.5
PA0003,re_construction,re_construction,1.0
PA0004,re_construction,re_construction,0.6174970576696743
PA0005,business,business,1.0
PA0009,re_construction,re_construction,1.0
PA0011,re_construction,re_construction,1.0
PA0013,re_construction,re_construction,1.0
PA0014,re_rehab,re_rehab,1.0
PA0016,re_rehab,re_rehab,1.0
PA0017,business,business,1.0
PA0018,business,business,1.0
PA0020,business,business,1.0
PA0021,re_rehab,re_rehab,1.0
PA0022,re_construction,re_construction,1.0
PA0023,re_rehab,re_rehab,1.0
PA0024,re_construction,re_construction,1.0
PA0025,re_construction,re_construction,1.0
PA0027,re_rehab,re_rehab,1.0
PA0028,re_rehab,re_rehab,1.0
PA0029,re_rehab,re_rehab,1.0
PA0031,re_construction,re_construction,0.73160005660018
PA0032,re_construction,re_construction,1.0
PA0033,re_construction,re_construction,1.0
PA0034,re_construction,re_construction,1.0
PA0035,re_rehab,re_rehab,1.0
PA0037,re_rehab,re_rehab,1.0
PA0038,business,business,1.0
PA0039,re_construction,re_construction,1.0
PA0040,re_rehab,re_rehab,1.0
PA0042,re_rehab,re_rehab,1.0
PA0043,business,business,0.8104559560754356
PA0044,re_rehab,re_rehab,1.0
PA0045,business,business,1.0
PA0046,re_rehab,re_rehab,1.0
PA0047,re_construction,re_construction,1.0
PA0049,re_construction,re_construction,1.0
PA0051,re_construction,re_construction,1.0
PA0052,re_construction,re_construction,1.0
PA0053,re_rehab,re_rehab,0.5
PA0057,re_construction,re_construction,1.0
PA0058,re_rehab,re_rehab,1.0
PA0060,re_construction,re_construction,1.0
PA0061,other,other,1.0
PA0062,business,business,1.0
PA0063,re_rehab,re_rehab,1.0
PA0065,business,business,1.0
PA0066,business,business,1.0
PA0067,housing_sf_new,housing_sf_new,0.8699863485665995
PA0068,business,business,1.0
PA0069,housing_sf_rehab,other_small,1.0
PA0070,business,business,1.0
PA0071,housing_sf_new,housing_sf_new,1.0
PA0072,business,business,1.0
PA0073,re_construction,re_construction,1.0
PA0074,re_rehab,re_rehab,1.0
PA0075,re_rehab,re_rehab,1.0
PA0078,re_rehab,re_rehab,1.0
PA0079,microenterprise,other_small,1.0
PA0080,business,business,1.0
PA0081,re_rehab,re_rehab,1.0
PA0082,business,business,1.0
PA0083,re_rehab,re_rehab,1.0
PA0084,business,business,1.0
PA0085,business,business,1.0
PA0086,housing_sf_rehab,other_small,1.0
PA0087,re_construction,re_construction,1.0
PA0088,re_construction,re_construction,1.0
PA0089,re_construction,re_construction,1.0
PA0091,re_rehab,re_rehab,1.0
PA0092,re_rehab,re_rehab,1.0
PA0093,business,business,1.0
PA0094,re_rehab,re_rehab,1.0
PA0096,business,business,1.0
PA0097,business,business,1.0
PA0098,re_construction,re_construction,1.0
PA0099,re_rehab,re_rehab,1.0
PA0102,business,business,1.0
PA0103,re_construction,re_construction,1.0
PA0104,re_rehab,re_rehab,1.0
PA0107,business,business,1.0
PA0108,re_rehab,re_rehab,1.0
PA0109,business,business,1.0
PA0110,re_construction,re_construction,1.0
PA0111,re_construction,re_construction,1.0
PA0112,housing_sf_rehab,other_small,1.0
PA0113,re_rehab,re_rehab,0.7500781005935645
PA0114,re_rehab,re_rehab,1.0
PA0115,re_rehab,re_rehab,1.0
PA0116,re_rehab,re_rehab,1.0
PA0117,business,business,1.0
PA0118,re_rehab,re_rehab,1.0
PA0119,re_construction,re_construction,1.0
PA0120,re_construction,re_construction,1.0
PA0121,re_construction,re_construction,1.0
PA0122,re_rehab,re_rehab,1.0
PA0123,re_construction,re_construction,1.0
PA0124,housing_sf_rehab,other_small,1.0
PA0125,re_rehab,re_rehab,1.0
PA0126,re_construction,re_construction,1.0
PA0127,re_rehab,re_rehab,1.0
PA0128,re_construction,re_construction,1.0
PA0130,re_rehab,re_rehab,1.0
PA0131,business,business,1.0
PA0133,re_rehab,re_rehab,1.0
PA0134,re_construction,re_construction,1.0
PA0135,re_rehab,re_rehab,0.6598639455782312
PA0136,re_rehab,re_rehab,1.0
PA0138,re_rehab,re_rehab,1.0
PA0139,business,business,1.0
PA0140,re_construction,re_construction,1.0
PA0141,re_construction,re_construction,1.0
PA0142,re_construction,re_construction,1.0
PA0143,re_construction,re_construction,1.0
PA0144,business,business,1.0
PA0145,re_rehab,re_rehab,1.0
PA0146,re_rehab,re_rehab,0.6598639455782312
PA0147,re_construction,re_construction,1.0
PA0148,re_construction,re_construction,1.0
PA0149,re_construction,re_construction,1.0
PA0150,re_construction,re_construction,1.0
PA0151,re_rehab,re_rehab,1.0
PA0152,re_construction,re_construction,1.0
PA0153,re_rehab,re_rehab,1.0
PA0154,re_rehab,re_rehab,1.0
PA0155,re_construction,re_construction,1.0
PA0156,re_rehab,re_rehab,1.0
PA0157,re_construction,re_construction,1.0
PA0158,re_construction,re_construction,1.0
PA0159,re_construction,re_construction,1.0
PA0160,re_rehab,re_rehab,1.0
PA0161,re_construction,re_construction,1.0
PA0162,re_rehab,re_rehab,1.0
PA0163,re_rehab,re_rehab,1.0
PA0164,re_construction,re_construction,1.0
PA0165,re_construction,re_construction,1.0
PA0166,re_rehab,re_rehab,1.0
PA0167,re_rehab,re_rehab,1.0
PA0168,re_construction,re_construction,1.0
PA0169,re_construction,re_construction,1.0
PA0170,re_rehab,re_rehab,1.0
PA0171,re_construction,re_construction,1.0
PA0173,other,other,1.0
PA0174,re_rehab,re_rehab,1.0
PA0175,re_rehab,re_rehab,1.0
PA0176,re_construction,re_construction,1.0
PA0177,re_construction,re_construction,1.0
PA0178,re_construction,re_construction,1.0
PA0179,re_rehab,re_rehab,0.5418641390205371
PA0180,re_rehab,re_rehab,1.0
PA0181,re_rehab,re_rehab,1.0
PA0182,re_construction,re_construction,1.0
PA0183,re_construction,re_construction,1.0
PA0184,re_rehab,re_rehab,1.0
PA0185,re_rehab,re_rehab,1.0
PA0186,re_rehab,re_rehab,1.0
PA0187,re_rehab,re_rehab,1.0
PA0189,re_rehab,re_rehab,1.0
PA0190,business,business,0.632368703108253
PA0191,re_rehab,re_rehab,1.0
PA0192,re_rehab,re_rehab,1.0
PA0193,re_construction,re_construction,1.0
PA0194,re_construction,re_construction,0.7184684684684685
PA0195,re_rehab,re_rehab,1.0
PA0196,re_construction,re_construction,0.5950413223140496
PA0197,re_rehab,re_rehab,1.0
PA0198,re_construction,re_construction,0.567479674796748
PA0199,re_rehab,re_rehab,1.0
PA0200,business,business,1.0
PA0201,re_rehab,re_rehab,1.0
PA0202,re_construction,re_construction,1.0
PA0203,re_construction,re_construction,1.0
PA0204,re_rehab,re_rehab,1.0
PA0205,re_rehab,re_rehab,1.0
PA0206,re_rehab,re_rehab,1.0
PA0207,re_construction,re_construction,1.0
PA0208,re_construction,re_construction,1.0
PA0210,re_rehab,re_rehab,1.0
PA0211,re_construction,re_construction,1.0
PA0212,re_construction,re_construction,1.0
PA0213,re_construction,re_construction,0.9147485080988917
PA0214,re_construction,re_construction,1.0
PA0215,re_rehab,re_rehab,1.0
PA0216,re_rehab,re_rehab,1.0
PA0217,re_rehab,re_rehab,1.0
PA0218,re_rehab,re_rehab,1.0
PA0219,re_rehab,re_rehab,1.0
PA0220,re_rehab,re_rehab,1.0
PA0221,re_rehab,re_rehab,1.0
PA0222,re_rehab,re_rehab,1.0
PA0223,re_rehab,re_rehab,1.0
PA0224,re_rehab,re_rehab,1.0
PA0225,re_rehab,re_rehab,1.0
PA0226,re_construction,re_construction,1.0
PA0227,re_construction,re_construction,1.0
PA0228,re_construction,re_construction,1.0
PA0229,re_rehab,re_rehab,1.0
PA0230,re_rehab,re_rehab,1.0
PA0231,re_rehab,re_rehab,1.0
PA0232,re_rehab,re_rehab,1.0
PA0233,re_construction,re_construction,1.0
PA0234,re_construction,re_construction,1.0
PA0235,re_rehab,re_rehab,0.8919226393629124
PA0236,housing_sf_new,housing_sf_new,1.0
PA0237,re_rehab,re_rehab,1.0
PA0238,re_construction,re_construction,1.0
PA0239,re_construction,re_construction,1.0
PA0240,re_rehab,re_rehab,1.0
PA0241,re_construction,re_construction,1.0
PA0242,re_rehab,re_rehab,1.0
PA0243,re_rehab,re_rehab,1.0
PA0244,re_rehab,re_rehab,1.0
PA0245,re_rehab,re_rehab,1.0
PA0246,re_construction,re_construction,1.0
PA0247,re_construction,re_construction,0.8482549317147192
PA0248,re_rehab,re_rehab,1.0
PA0249,re_construction,re_construction,1.0
PA0250,re_rehab,re_rehab,1.0
PA0251,re_construction,re_construction,1.0
PA0252,re_rehab,re_rehab,1.0
PA0253,re_construction,re_construction,1.0
PA0254,re_construction,re_construction,1.0
PA0255,business,business,1.0
PA0257,re_construction,re_construction,0.8031496062992126
PA0258,re_rehab,re_rehab,1.0
PA0259,re_construction,re_construction,1.0
PA0260,re_rehab,re_rehab,1.0
PA0261,re_rehab,re_rehab,1.0
PA0262,re_construction,re_construction,0.8666666666666667
PA0263,re_rehab,re_rehab,1.0
PA0264,re_construction,re_construction,1.0
PA0265,re_construction,re_construction,1.0
PA0267,business,business,1.0
PA0268,re_rehab,re_rehab,1.0
PA0269,housing_sf_new,housing_sf_new,1.0
PA0270,re_rehab,re_rehab,1.0
PA0271,re_rehab,re_rehab,0.5025641025641026
PA0272,re_rehab,re_rehab,1.0
PA0278,business,business,1.0
PA0279,business,business,1.0
PA0280,re_rehab,re_rehab,0.9948717948717949
PA0281,re_construction,re_construction,1.0
PA0282,re_rehab,re_rehab,1.0
PA0283,re_rehab,re_rehab,1.0
PA0284,re_rehab,re_rehab,1.0
PA0285,re_rehab,re_rehab,1.0
PR0003,business,business,1.0
PR0004,housing_sf_new,housing_sf_new,1.0
PR0005,housing_sf_new,housing_sf_new,1.0
PR0006,housing_sf_new,housing_sf_new,1.0
PR0007,housing_sf_new,housing_sf_new,1.0
PR0008,housing_sf_new,housing_sf_new,1.0
PR0009,housing_sf_new,housing_sf_new,1.0
PR0010,re_construction,re_construction,1.0
PR0011,housing_sf_new,housing_sf_new,1.0
PR0012,housing_sf_new,housing_sf_new,1.0
PR0013,housing_sf_new,housing_sf_new,1.0
PR0014,re_rehab,re_rehab,0.6675896015997539
PR0015,re_construction,re_construction,1.0
PR0016,re_construction,re_construction,1.0
PR0017,re_construction,re_construction,1.0
PR0018,re_rehab,re_rehab,1.0
PR0019,re_construction,re_construction,1.0
PR0020,business,business,1.0
PR0021,business,business,1.0
PR0022,business,business,1.0
PR0023,business,business,1.0
PR0024,business,business,1.0
PR0026,re_construction,re_construction,1.0
PR0027,re_construction,re_construction,1.0
PR0028,re_construction,re_construction,1.0
PR0029,re_rehab,re_rehab,1.0
PR0030,business,business,1.0
PR0031,business,business,1.0
PR0032,business,business,1.0
PR0033,business,business,1.0
PR0034,business,business,1.0
PR0035,business,business,1.0
PR0036,business,business,1.0
RI0001,business,business,1.0
RI0003,housing_sf_rehab,other_small,1.0
RI0004,re_rehab,re_rehab,1.0
RI0005,re_rehab,re_rehab,1.0
RI0006,re_rehab,re_rehab,1.0
RI0007,re_rehab,re_rehab,1.0
RI0009,re_rehab,re_rehab,1.0
RI0010,re_rehab,re_rehab,1.0
RI0011,re_construction,re_construction,1.0
RI0012,re_construction,re_construction,0.8331591659342409
RI0014,re_rehab,re_rehab,1.0
RI0016,re_rehab,re_rehab,1.0
RI0017,re_rehab,re_rehab,1.0
RI0018,re_rehab,re_rehab,1.0
RI0019,re_rehab,re_rehab,1.0
RI0020,re_rehab,re_rehab,1.0
RI0021,re_construction,re_construction,1.0
RI0022,re_construction,re_construction,1.0
RI0023,re_rehab,re_rehab,1.0
RI0025,re_rehab,re_rehab,1.0
RI0026,re_rehab,re_rehab,1.0
RI0027,business,business,1.0
RI0028,re_rehab,re_rehab,1.0
RI0029,re_rehab,re_rehab,1.0
RI0030,re_rehab,re_rehab,1.0
RI0031,re_rehab,re_rehab,1.0
RI0032,re_construction,re_construction,1.0
RI0033,re_rehab,re_rehab,1.0
RI0034,re_rehab,re_rehab,0.6457943354279027
RI0035,business,business,1.0
RI0036,re_construction,re_construction,1.0
RI0037,re_rehab,re_rehab,1.0
RI0038,re_rehab,re_rehab,1.0
RI0039,re_rehab,re_rehab,0.7017543859649122
RI0041,re_rehab,re_rehab,1.0
RI0042,re_rehab,re_rehab,1.0
RI0043,business,business,1.0
RI0044,re_rehab,re_rehab,1.0
RI0046,re_rehab,re_rehab,1.0
RI0047,re_construction,re_construction,1.0
RI0048,re_rehab,re_rehab,1.0
RI0049,re_rehab,re_rehab,1.0
RI0050,re_construction,re_construction,1.0
RI0051,re_construction,re_construction,1.0
RI0052,re_rehab,re_rehab,1.0
RI0053,re_rehab,re_rehab,1.0
RI0054,re_rehab,re_rehab,1.0
RI0055,re_rehab,re_rehab,1.0
RI0056,re_construction,re_construction,1.0
RI0057,re_rehab,re_rehab,1.0
RI0058,re_rehab,re_rehab,1.0
RI0059,re_construction,re_construction,1.0
RI0060,re_construction,re_construction,1.0
RI0061,re_rehab,re_rehab,1.0
RI0062,re_construction,re_construction,1.0
RI0063,re_rehab,re_rehab,1.0
RI0064,re_construction,re_construction,1.0
RI0065,re_rehab,re_rehab,1.0
RI0066,re_rehab,re_rehab,1.0
RI0068,re_rehab,re_rehab,1.0
RI0069,re_construction,re_construction,1.0
RI0070,re_rehab,re_rehab,1.0
RI0071,re_construction,re_construction,0.5212461387596193
RI0072,re_rehab,re_rehab,1.0
RI0073,re_rehab,re_rehab,1.0
RI0074,re_construction,re_construction,1.0
RI0075,re_construction,re_construction,1.0
RI0076,re_rehab,re_rehab,1.0
RI0077,re_rehab,re_rehab,1.0
RI0078,re_rehab,re_rehab,1.0
RI0079,re_rehab,re_rehab,1.0
RI0080,re_construction,re_construction,1.0
RI0081,re_rehab,re_rehab,0.559322033898305
RI0082,re_rehab,re_rehab,1.0
SC0001,business,business,1.0
SC0002,business,business,1.0
SC0003,re_construction,re_construction,1.0
SC0004,re_rehab,re_rehab,1.0
SC0005,re_construction,re_construction,1.0
SC0006,re_construction,re_construction,0.9966981818181818
SC0008,re_construction,re_construction,1.0
SC0009,re_construction,re_construction,1.0
SC0011,re_construction,re_construction,1.0
SC0012,re_rehab,re_rehab,1.0
SC0013,re_construction,re_construction,1.0
SC0014,re_rehab,re_rehab,1.0
SC0015,re_rehab,re_rehab,1.0
SC0016,re_construction,re_construction,1.0
SC0017,re_construction,re_construction,1.0
SC0018,re_rehab,re_rehab,1.0
SC0019,re_rehab,re_rehab,1.0
SC0021,re_construction,re_construction,1.0
SC0022,re_construction,re_construction,1.0
SC0023,re_rehab,re_rehab,1.0
SC0024,re_construction,re_construction,1.0
SC0025,re_rehab,re_rehab,1.0
SC0026,business,business,1.0
SC0027,re_construction,re_construction,1.0
SC0028,business,business,1.0
SC0029,re_rehab,re_rehab,1.0
SC0030,re_construction,re_construction,1.0
SC0031,re_construction,re_construction,1.0
SC0032,re_construction,re_construction,1.0
SC0033,re_construction,re_construction,1.0
SC0034,business,business,1.0
SC0035,re_rehab,re_rehab,1.0
SC0037,re_rehab,re_rehab,1.0
SC0038,re_construction,re_construction,1.0
SC0039,re_construction,re_construction,1.0
SC0040,re_construction,re_construction,1.0
SC0041,re_rehab,re_rehab,1.0
SC0042,business,business,1.0
SC0044,business,business,1.0
SC0045,re_construction,re_construction,1.0
SC0046,re_construction,re_construction,1.0
SC0047,business,business,0.753565316600114
SC0048,re_rehab,re_rehab,0.5901639344262295
SC0049,business,business,1.0
SC0050,re_construction,re_construction,1.0
SC0051,re_construction,re_construction,1.0
SC0052,business,business,1.0
SC0053,business,business,1.0
SC0054,business,business,1.0
SC0055,business,business,1.0
SC0056,re_rehab,re_rehab,1.0
SC0057,business,business,1.0
SC0058,re_construction,re_construction,1.0
SC0059,business,business,1.0
SC0060,re_rehab,re_rehab,1.0
SC0061,business,business,1.0
SC0062,re_construction,re_construction,1.0
SC0063,business,business,1.0
SC0064,re_construction,re_construction,1.0
SC0065,re_rehab,re_rehab,1.0
SC0066,business,business,1.0
SC0067,business,business,0.7558000229100499
SC0068,business,business,1.0
SC0069,business,business,1.0
SC0070,re_rehab,re_rehab,1.0
SC0071,re_construction,re_construction,0.7
SC0072,re_rehab,re_rehab,1.0
SC0073,business,business,1.0
SC0074,re_construction,re_construction,1.0
SC0075,re_construction,re_construction,1.0
SC0076,re_construction,re_construction,1.0
SC0077,re_construction,re_construction,1.0
SC0078,re_rehab,re_rehab,1.0
SC0079,re_construction,re_construction,1.0
SC0080,business,business,0.7058823529411765
SC0082,business,business,1.0
SC0083,re_construction,re_construction,1.0
SC0084,re_construction,re_construction,1.0
SC0085,business,business,1.0
SC0086,re_construction,re_construction,1.0
SC0087,business,business,0.5897435897435898
SC0088,re_construction,re_construction,1.0
SC0089,re_construction,re_construction,1.0
SC0090,business,business,1.0
SC0091,re_construction,re_construction,1.0
SC0092,re_construction,re_construction,1.0
SC0093,re_construction,re_construction,1.0
SC0094,business,business,1.0
SC0095,re_rehab,re_rehab,1.0
SC0096,re_construction,re_construction,1.0
SC0097,re_rehab,re_rehab,0.8333333333333334
SC0098,re_rehab,re_rehab,1.0
SC0099,re_rehab,re_rehab,1.0
SC0100,business,business,1.0
SC0101,re_construction,re_construction,1.0
SC0102,re_construction,re_construction,1.0
SC0103,business,business,1.0
SC0104,re_construction,re_construction,1.0
SC0105,re_rehab,re_rehab,1.0
SD0001,business,business,1.0
SD0002,business,business,1.0
SD0003,business,business,1.0
SD0004,business,business,1.0
SD0005,business,business,1.0
SD0006,re_construction,re_construction,1.0
SD0007,re_construction,re_construction,1.0
SD0008,re_construction,re_construction,1.0
SD0009,business,business,1.0
SD0010,re_construction,re_construction,1.0
SD0011,re_rehab,re_rehab,1.0
SD0012,re_construction,re_construction,1.0
SD0013,re_construction,re_construction,1.0
SD0014,re_construction,re_construction,1.0
TN0001,business,business,1.0
TN0003,business,business,1.0
TN0005,business,business,1.0
TN0007,business,business,1.0
TN0008,business,business,1.0
TN0009,business,business,1.0
TN0010,business,business,1.0
TN0011,business,business,1.0
TN0012,business,business,1.0
TN0013,business,business,1.0
TN0014,business,business,1.0
TN0015,business,business,1.0
TN0016,business,business,1.0
TN0017,business,business,1.0
TN0018,re_construction,re_construction,1.0
TN0020,re_rehab,re_rehab,1.0
TN0021,business,business,1.0
TN0023,re_construction,re_construction,1.0
TN0024,business,business,1.0
TN0025,re_rehab,re_rehab,1.0
TN0026,re_rehab,re_rehab,0.6148555708390646
TN0027,re_construction,re_construction,1.0
TN0028,re_construction,re_construction,1.0
TN0035,re_rehab,re_rehab,1.0
TN0038,housing_mf_rehab,other_small,0.9120603015075377
TN0040,re_rehab,re_rehab,1.0
TN0042,re_rehab,re_rehab,1.0
TN0043,re_rehab,re_rehab,1.0
TN0045,business,business,1.0
TN0046,business,business,1.0
TN0048,business,business,1.0
TN0049,business,business,1.0
TN0051,business,business,1.0
TN0054,business,business,1.0
TN0055,business,business,1.0
TN0056,business,business,1.0
TN0057,business,business,1.0
TN0058,business,business,1.0
TN0059,business,business,1.0
TN0060,business,business,1.0
TN0061,business,business,1.0
TN0062,business,business,1.0
TN0063,business,business,1.0
TN0064,business,business,1.0
TN0065,housing_sf_new,housing_sf_new,1.0
TN0066,re_construction,re_construction,0.6663158936168299
TN0067,business,business,1.0
TN0068,housing_sf_new,housing_sf_new,1.0
TN0069,housing_sf_new,housing_sf_new,1.0
TN0070,re_construction,re_construction,1.0
TN0071,business,business,1.0
TN0072,business,business,1.0
TN0073,business,business,1.0
TN0074,business,business,1.0
TN0075,business,business,1.0
TN0077,re_construction,re_construction,1.0
TN0078,re_rehab,re_rehab,1.0
TN0079,business,business,1.0
TN0080,re_rehab,re_rehab,1.0
TN0081,re_construction,re_construction,1.0
TN0082,other,other,1.0
TN0083,business,business,1.0
TN0084,business,business,1.0
TN0085,business,business,1.0
TN0086,business,business,1.0
TN0087,housing_sf_new,housing_sf_new,1.0
TN0088,housing_sf_new,housing_sf_new,1.0
TN0089,re_rehab,re_rehab,1.0
TN0090,re_rehab,re_rehab,1.0
TN0091,re_construction,re_construction,0.5562266474201651
TN0092,re_rehab,re_rehab,1.0
TN0093,business,business,1.0
TN0094,re_rehab,re_rehab,0.8187092095721538
TN0095,business,business,1.0
TN0096,business,business,1.0
TN0097,business,business,1.0
TN0099,re_construction,re_construction,0.9519173662308438
TN0101,business,business,1.0
TN0102,re_construction,re_construction,1.0
TN0103,re_rehab,re_rehab,1.0
TN0104,re_construction,re_construction,1.0
TN0105,housing_sf_new,housing_sf_new,1.0
TN0106,business,business,1.0
TN0107,business,business,1.0
TN0108,business,business,1.0
TN0109,re_rehab,re_rehab,1.0
TN0110,business,business,1.0
TN0112,business,business,1.0
TN0113,re_construction,re_construction,1.0
TN0114,re_rehab,re_rehab,1.0
TN0115,re_construction,re_construction,1.0
TN0116,re_construction,re_construction,1.0
TN0117,re_rehab,re_rehab,1.0
TN0118,business,business,0.5082635272809599
TN0119,re_construction,re_construction,1.0
TN0120,re_construction,re_construction,0.7810858143607706
TN0125,business,business,1.0
TN0126,business,business,1.0
TN0127,business,business,1.0
TN0128,housing_sf_new,housing_sf_new,1.0
TN0129,business,business,0.6957403651115619
TN0130,re_rehab,re_rehab,1.0
TN0131,re_construction,re_construction,1.0
TN0132,re_rehab,re_rehab,1.0
TN0133,re_construction,re_construction,0.8584070796460177
TN0134,re_rehab,re_rehab,0.7101449275362319
TN0135,re_rehab,re_rehab,0.5714285714285714
TN0136,business,business,1.0
TN0137,re_rehab,re_rehab,1.0
TN0138,re_rehab,re_rehab,1.0
TN0139,re_construction,re_construction,1.0
TN0140,re_rehab,re_rehab,0.6185567010309279
TN0141,re_construction,re_construction,1.0
TN0142,re_construction,re_construction,1.0
TN0143,re_rehab,re_rehab,0.7950819672131147
TN0144,business,business,1.0
TN0145,other,other,0.6178343949044586
TN0146,business,business,1.0
TN0147,business,business,1.0
TN0148,business,business,1.0
TN0149,re_construction,re_construction,1.0
TN0150,re_rehab,re_rehab,1.0
TN0151,business,business,1.0
TN0152,re_construction,re_construction,1.0
TN0153,re_construction,re_construction,1.0
TN0154,re_rehab,re_rehab,1.0
TN0156,re_construction,re_construction,1.0
TN0157,re_construction,re_construction,1.0
TN0158,business,business,1.0
TN0159,re_construction,re_construction,1.0
TN0160,re_rehab,re_rehab,1.0
TN0161,re_construction,re_construction,0.6702627643665884
TN0162,business,business,1.0
TN0163,business,business,0.7183908045977011
TN0164,business,business,1.0
TN0166,re_construction,re_construction,1.0
TN0167,re_construction,re_construction,1.0
TN0169,business,business,1.0
TN0170,housing_sf_new,housing_sf_new,1.0
TN0171,re_rehab,re_rehab,1.0
TN0172,re_construction,re_construction,1.0
TN0178,re_construction,re_construction,1.0
TN0179,re_construction,re_construction,1.0
TN0180,re_construction,re_construction,1.0
TN0181,business,business,1.0
TN0182,business,business,1.0
TN0183,business,business,1.0
TN0184,re_rehab,re_rehab,1.0
TN0185,business,business,1.0
TX0001,re_rehab,re_rehab,1.0
TX0002,business,business,1.0
TX0003,business,business,1.0
TX0004,business,business,1.0
TX0005,business,business,1.0
TX0006,re_construction,re_construction,1.0
TX0007,re_rehab,re_rehab,1.0
TX0008,business,business,1.0
TX0009,re_rehab,re_rehab,1.0
TX0010,re_rehab,re_rehab,1.0
TX0011,re_construction,re_construction,1.0
TX0012,business,business,1.0
TX0013,re_construction,re_construction,1.0
TX0014,re_construction,re_construction,1.0
TX0015,re_construction,re_construction,1.0
TX0016,re_construction,re_construction,1.0
TX0017,business,business,1.0
TX0018,re_rehab,re_rehab,1.0
TX0020,re_rehab,re_rehab,1.0
TX0021,re_rehab,re_rehab,1.0
TX0022,re_construction,re_construction,1.0
TX0023,re_rehab,re_rehab,1.0
TX0024,business,business,1.0
TX0027,other,other,1.0
TX0028,re_rehab,re_rehab,1.0
TX0029,business,business,1.0
TX0030,re_rehab,re_rehab,1.0
TX0031,business,business,1.0
TX0032,re_construction,re_construction,1.0
TX0033,re_construction,re_construction,1.0
TX0034,re_rehab,re_rehab,1.0
TX0035,re_rehab,re_rehab,1.0
TX0036,business,business,1.0
TX0037,business,business,1.0
TX0038,re_construction,re_construction,1.0
TX0039,re_construction,re_construction,1.0
TX0040,business,business,1.0
TX0041,re_construction,re_construction,1.0
TX0042,business,business,0.5412032205635331
TX0045,re_construction,re_construction,0.7277093528844579
TX0047,business,business,1.0
TX0050,business,business,1.0
TX0051,re_construction,re_construction,1.0
TX0053,re_construction,re_construction,1.0
TX0054,re_construction,re_construction,1.0
TX0055,re_construction,re_construction,1.0
TX0056,business,business,1.0
TX0057,re_construction,re_construction,1.0
TX0058,business,business,1.0
TX0059,business,business,1.0
TX0060,business,business,1.0
TX0061,re_construction,re_construction,1.0
TX0062,re_construction,re_construction,1.0
TX0063,business,business,1.0
TX0064,re_rehab,re_rehab,1.0
TX0065,re_construction,re_construction,1.0
TX0066,re_rehab,re_rehab,1.0
TX0068,re_rehab,re_rehab,1.0
TX0069,re_construction,re_construction,1.0
TX0071,re_construction,re_construction,1.0
TX0073,re_construction,re_construction,1.0
TX0074,business,business,1.0
TX0077,business,business,0.7272727272727273
TX0078,re_rehab,re_rehab,1.0
TX0080,business,business,1.0
TX0081,business,business,1.0
TX0082,housing_sf_new,housing_sf_new,1.0
TX0083,re_construction,re_construction,1.0
TX0084,business,business,1.0
TX0085,business,business,1.0
TX0086,business,business,1.0
TX0087,business,business,1.0
TX0088,business,business,1.0
TX0089,business,business,1.0
TX0090,re_construction,re_construction,1.0
TX0091,re_rehab,re_rehab,0.6711409395973155
TX0092,business,business,1.0
TX0093,re_rehab,re_rehab,0.5
TX0094,re_rehab,re_rehab,1.0
TX0095,business,business,0.6774193548387096
TX0096,business,business,1.0
TX0097,business,business,1.0
TX0098,business,business,1.0
TX0099,business,business,1.0
TX0100,business,business,1.0
TX0101,re_construction,re_construction,1.0
TX0102,re_rehab,re_rehab,1.0
TX0103,business,business,1.0
TX0104,business,business,1.0
TX0105,re_rehab,re_rehab,1.0
TX0106,re_construction,re_construction,1.0
TX0107,re_construction,re_construction,1.0
TX0108,business,business,1.0
TX0109,re_rehab,re_rehab,0.7211895910780669
TX0110,business,business,1.0
TX0111,re_construction,re_construction,1.0
TX0112,re_construction,re_construction,1.0
TX0113,business,business,1.0
TX0114,re_rehab,re_rehab,1.0
TX0115,re_construction,re_construction,1.0
TX0116,business,business,1.0
TX0117,re_rehab,re_rehab,1.0
TX0118,re_construction,re_construction,0.7142857142857143
TX0119,re_rehab,re_rehab,0.539906103286385
TX0120,re_rehab,re_rehab,0.6621621621621622
TX0121,re_construction,re_construction,1.0
TX0122,re_construction,re_construction,1.0
TX0123,business,business,0.5434782608695652
TX0124,business,business,1.0
TX0125,business,business,1.0
TX0126,business,business,1.0
TX0127,business,business,1.0
TX0128,re_construction,re_construction,1.0
TX0129,re_rehab,re_rehab,1.0
TX0130,business,business,1.0
TX0131,business,business,1.0
TX0132,business,business,1.0
TX0133,re_rehab,re_rehab,1.0
TX0134,re_construction,re_construction,1.0
TX0135,re_construction,re_construction,1.0
TX0136,business,business,1.0
TX0137,re_construction,re_construction,1.0
TX0138,other,other,1.0
TX0139,re_construction,re_construction,1.0
TX0140,re_rehab,re_rehab,0.553072625698324
TX0141,re_rehab,re_rehab,1.0
TX0142,business,business,1.0
TX0143,re_rehab,re_rehab,1.0
TX0145,business,business,1.0
TX0146,business,business,1.0
TX0147,business,business,1.0
TX0148,business,business,1.0
TX0149,business,business,1.0
TX0150,business,business,1.0
TX0151,re_rehab,re_rehab,1.0
TX0152,re_construction,re_construction,1.0
TX0153,re_rehab,re_rehab,1.0
TX0154,re_construction,re_construction,1.0
TX0155,re_construction,re_construction,1.0
TX0156,business,business,1.0
TX0157,business,business,1.0
TX0158,business,business,1.0
TX0159,business,business,1.0
TX0160,business,business,1.0
TX0161,re_construction,re_construction,1.0
TX0162,re_rehab,re_rehab,0.6316844036697248
TX0163,re_construction,re_construction,0.8558108255506953
TX0164,business,business,1.0
TX0165,re_construction,re_construction,1.0
TX0166,business,business,1.0
TX0167,business,business,1.0
TX0168,re_construction,re_construction,1.0
TX0169,re_construction,re_construction,1.0
TX0170,business,business,1.0
TX0171,re_construction,re_construction,1.0
TX0172,business,business,1.0
TX0173,business,business,1.0
TX0174,business,business,1.0
TX0175,re_construction,re_construction,1.0
TX0176,re_rehab,re_rehab,1.0
TX0177,business,business,1.0
TX0178,re_construction,re_construction,1.0
TX0179,re_construction,re_construction,1.0
TX0180,re_construction,re_construction,1.0
TX0181,re_rehab,re_rehab,1.0
TX0182,re_construction,re_construction,0.5784122017989832
TX0183,re_rehab,re_rehab,0.8492840994724944
TX0184,re_construction,re_construction,1.0
TX0185,business,business,1.0
TX0186,re_construction,re_construction,1.0
TX0187,re_construction,re_construction,1.0
TX0188,re_construction,re_construction,1.0
TX0189,re_construction,re_construction,1.0
TX0190,re_construction,re_construction,1.0
TX0191,re_construction,re_construction,1.0
TX0192,business,business,1.0
TX0193,re_construction,re_construction,1.0
TX0194,business,business,1.0
TX0195,business,business,1.0
TX0196,business,business,1.0
TX0197,re_construction,re_construction,1.0
TX0198,business,business,1.0
TX0199,business,business,1.0
TX0200,business,business,1.0
TX0201,re_construction,re_construction,1.0
TX0202,re_construction,re_construction,0.6226414833274011
TX0203,business,business,0.7228957395219952
TX0204,re_rehab,re_rehab,1.0
TX0205,re_rehab,re_rehab,1.0
TX0206,re_rehab,re_rehab,1.0
TX0207,business,business,1.0
TX0208,re_construction,re_construction,1.0
TX0210,re_construction,re_construction,1.0
TX0211,re_rehab,re_rehab,0.7942386831275721
TX0212,re_construction,re_construction,1.0
TX0213,housing_sf_new,housing_sf_new,1.0
TX0214,housing_sf_new,housing_sf_new,1.0
TX0216,business,business,1.0
TX0217,business,business,1.0
TX0218,business,business,1.0
TX0219,business,business,1.0
TX0220,re_construction,re_construction,1.0
TX0221,business,business,1.0
TX0222,re_construction,re_construction,1.0
TX0223,re_construction,re_construction,0.7588073975107236
TX0224,re_construction,re_construction,0.6300211416490487
TX0225,business,business,1.0
TX0226,business,business,1.0
TX0227,business,business,1.0
TX0228,business,business,1.0
TX0229,business,business,1.0
TX0230,business,business,1.0
TX0231,business,business,1.0
TX0232,business,business,1.0
TX0233,business,business,1.0
TX0234,business,business,1.0
TX0235,business,business,0.8833333333333333
TX0236,re_rehab,re_rehab,1.0
TX0237,housing_sf_new,housing_sf_new,1.0
TX0238,re_construction,re_construction,1.0
TX0239,re_construction,re_construction,1.0
TX0240,re_construction,re_construction,0.8205741626794258
TX0241,re_construction,re_construction,1.0
TX0242,business,business,1.0
TX0243,business,business,1.0
TX0244,re_rehab,re_rehab,1.0
TX0245,re_rehab,re_rehab,1.0
TX0247,re_rehab,re_rehab,1.0
TX0248,business,business,1.0
TX0249,business,business,1.0
TX0250,business,business,1.0
TX0251,re_rehab,re_rehab,1.0
TX0252,business,business,1.0
TX0253,re_construction,re_construction,1.0
TX0254,re_rehab,re_rehab,1.0
TX0255,re_rehab,re_rehab,1.0
TX0257,re_construction,re_construction,1.0
TX0258,re_rehab,re_rehab,1.0
TX0259,business,business,1.0
TX0260,business,business,1.0
TX0261,re_rehab,re_rehab,1.0
TX0262,re_rehab,re_rehab,1.0
TX0263,business,business,1.0
TX0264,re_rehab,re_rehab,1.0
TX0265,re_construction,re_construction,1.0
TX0266,business,business,1.0
TX0267,business,business,1.0
TX0268,re_construction,re_construction,1.0
TX0269,re_construction,re_construction,1.0
TX0270,re_rehab,re_rehab,1.0
TX0271,business,business,1.0
TX0272,re_construction,re_construction,1.0
TX0273,re_construction,re_construction,1.0
TX0274,re_construction,re_construction,1.0
TX0275,re_construction,re_construction,1.0
TX0276,re_construction,re_construction,1.0
TX0277,re_construction,re_construction,1.0
TX0278,business,business,1.0
TX0279,re_construction,re_construction,1.0
TX0280,re_construction,re_construction,1.0
TX0281,re_construction,re_construction,1.0
TX0282,business,business,1.0
TX0283,re_rehab,re_rehab,1.0
TX0284,business,business,1.0
TX0285,business,business,1.0
TX0286,re_construction,re_construction,1.0
TX0287,business,business,0.6696824552066702
TX0290,re_construction,re_construction,1.0
TX0292,re_construction,re_construction,1.0
TX0293,business,business,1.0
TX0294,business,business,1.0
TX0295,housing_sf_new,housing_sf_new,1.0
TX0296,housing_sf_new,housing_sf_new,1.0
TX0297,housing_sf_new,housing_sf_new,1.0
TX0298,re_construction,re_construction,0.6944660950896336
TX0299,re_construction,re_construction,1.0
TX0300,housing_sf_new,housing_sf_new,1.0
TX0301,business,business,0.8487903225806451
TX0302,business,business,1.0
TX0303,re_construction,re_construction,1.0
TX0304,re_construction,re_construction,1.0
TX0305,housing_sf_new,housing_sf_new,1.0
TX0306,business,business,1.0
TX0307,re_construction,re_construction,1.0
TX0308,re_rehab,re_rehab,1.0
TX0309,business,business,0.6823947060039981
TX0311,business,business,0.7742663656884876
TX0313,re_construction,re_construction,1.0
TX0314,business,business,1.0
TX0315,business,business,1.0
TX0316,re_construction,re_construction,0.5434782608695652
TX0322,business,business,1.0
TX0323,re_construction,re_construction,1.0
TX0326,business,business,1.0
TX0328,re_rehab,re_rehab,1.0
TX0329,business,business,1.0
TX0330,re_construction,re_construction,1.0
TX0331,re_construction,re_construction,1.0
TX0332,business,business,1.0
TX0333,business,business,1.0
TX0334,business,business,1.0
TX0335,business,business,1.0
TX0336,re_construction,re_construction,1.0
TX0337,re_construction,re_construction,1.0
TX0338,business,business,1.0
TX0339,re_construction,re_construction,0.5981356809943035
TX0340,business,business,1.0
TX0341,business,business,1.0
TX0342,business,business,1.0
UT0002,re_construction,re_construction,1.0
UT0003,business,business,1.0
UT0004,business,business,1.0
UT0005,re_rehab,re_rehab,1.0
UT0006,re_construction,re_construction,1.0
UT0007,re_construction,re_construction,1.0
UT0008,re_rehab,re_rehab,1.0
UT0009,re_construction,re_construction,1.0
UT0010,re_construction,re_construction,1.0
UT0011,re_construction,re_construction,1.0
UT0012,re_construction,re_construction,1.0
UT0013,re_rehab,re_rehab,1.0
UT0014,re_construction,re_construction,1.0
UT0015,re_rehab,re_rehab,1.0
UT0016,business,business,1.0
UT0017,re_construction,re_construction,1.0
UT0018,re_construction,re_construction,1.0
UT0019,re_construction,re_construction,1.0
UT0020,business,business,1.0
UT0021,re_rehab,re_rehab,1.0
UT0022,re_rehab,re_rehab,1.0
UT0023,re_construction,re_construction,1.0
UT0024,re_rehab,re_rehab,1.0
UT0026,business,business,1.0
UT0027,re_construction,re_construction,1.0
UT0028,re_construction,re_construction,1.0
UT0029,re_construction,re_construction,1.0
UT0030,re_construction,re_construction,1.0
UT0031,business,business,1.0
UT0032,re_construction,re_construction,1.0
UT0033,re_construction,re_construction,1.0
UT0034,re_rehab,re_rehab,1.0
UT0035,business,business,1.0
UT0036,re_construction,re_construction,1.0
UT0037,re_construction,re_construction,1.0
UT0038,business,business,1.0
UT0039,business,business,1.0
UT0040,re_rehab,re_rehab,1.0
UT0041,re_rehab,re_rehab,1.0
UT0042,re_rehab,re_rehab,1.0
UT0043,re_construction,re_construction,1.0
UT0044,re_construction,re_construction,1.0
UT0045,re_construction,re_construction,1.0
UT0046,re_construction,re_construction,1.0
UT0047,business,business,1.0
UT0048,business,business,1.0
UT0049,business,business,1.0
UT0050,business,business,1.0
UT0051,re_construction,re_construction,1.0
UT0053,business,business,1.0
UT0054,business,business,1.0
UT0055,business,business,1.0
UT0056,business,business,1.0
UT0057,business,business,1.0
UT0058,business,business,1.0
UT0059,business,business,1.0
UT0060,business,business,1.0
UT0061,business,business,1.0
UT0062,business,business,1.0
UT0063,re_construction,re_construction,1.0
UT0066,business,business,1.0
UT0067,business,business,1.0
UT0068,re_construction,re_construction,1.0
UT0069,business,business,1.0
UT0071,business,business,1.0
UT0072,re_construction,re_construction,1.0
UT0073,business,business,1.0
UT0074,business,business,1.0
UT0075,business,business,1.0
UT0076,business,business,1.0
UT0077,re_construction,re_construction,1.0
UT0078,business,business,1.0
UT0079,re_rehab,re_rehab,1.0
UT0080,re_rehab,re_rehab,1.0
UT0081,business,business,1.0
UT0082,business,business,1.0
UT0083,business,business,1.0
UT0084,business,business,1.0
UT0085,business,business,1.0
UT0086,re_construction,re_construction,1.0
UT0087,re_construction,re_construction,1.0
UT0088,business,business,1.0
UT0089,business,business,1.0
UT0090,business,business,1.0
UT0091,re_rehab,re_rehab,1.0
UT0092,re_construction,re_construction,1.0
UT0093,re_construction,re_construction,1.0
UT0094,re_construction,re_construction,1.0
UT0095,business,business,1.0
UT0096,re_construction,re_construction,1.0
UT0097,re_construction,re_construction,1.0
UT0098,business,business,1.0
UT0099,business,business,1.0
UT0100,business,business,1.0
UT0101,re_construction,re_construction,1.0
UT0102,business,business,1.0
UT0103,business,business,1.0
UT0104,business,business,1.0
UT0105,re_construction,re_construction,1.0
VA0001,business,business,1.0
VA0002,business,business,1.0
VA0004,business,business,0.6557377049180327
VA0005,housing_sf_new,housing_sf_new,1.0
VA0006,re_rehab,re_rehab,1.0
VA0007,business,business,1.0
VA0008,business,business,1.0
VA0009,re_construction,re_construction,1.0
VA0010,re_construction,re_construction,0.591778272251991
VA0013,re_rehab,re_rehab,1.0
VA0014,re_rehab,re_rehab,1.0
VA0017,re_rehab,re_rehab,1.0
VA0018,re_rehab,re_rehab,1.0
VA0019,re_rehab,re_rehab,0.5
VA0021,business,business,1.0
VA0022,re_construction,re_construction,1.0
VA0023,re_construction,re_construction,1.0
VA0024,re_construction,re_construction,1.0
VA0025,re_construction,re_construction,1.0
VA0026,re_construction,re_construction,1.0
VA0027,re_construction,re_construction,1.0
VA0028,re_rehab,re_rehab,0.5000000717360218
VA0029,re_construction,re_construction,1.0
VA0030,re_construction,re_construction,1.0
VA0031,re_construction,re_construction,1.0
VA0032,re_rehab,re_rehab,1.0
VA0035,re_construction,re_construction,1.0
VA0036,re_construction,re_construction,0.5355861160151805
VA0038,re_rehab,re_rehab,1.0
VA0039,re_rehab,re_rehab,1.0
VA0040,business,business,1.0
VA0041,re_rehab,re_rehab,1.0
VA0042,re_rehab,re_rehab,0.8083333333333333
VA0043,re_rehab,re_rehab,1.0
VA0044,re_rehab,re_rehab,1.0
VA0045,re_construction,re_construction,1.0
VA0046,re_rehab,re_rehab,1.0
VA0047,re_construction,re_construction,1.0
VA0048,re_rehab,re_rehab,1.0
VA0050,business,business,1.0
VA0051,business,business,1.0
VA0052,re_rehab,re_rehab,1.0
VA0053,re_rehab,re_rehab,1.0
VA0054,re_construction,re_construction,1.0
VA0056,re_rehab,re_rehab,1.0
VA0057,re_rehab,re_rehab,1.0
VA0058,re_rehab,re_rehab,1.0
VA0059,business,business,1.0
VA0060,re_rehab,re_rehab,1.0
VA0061,business,business,1.0
VA0062,re_rehab,re_rehab,1.0
VA0063,re_construction,re_construction,1.0
VA0064,re_construction,re_construction,1.0
VA0065,re_construction,re_construction,1.0
VA0066,re_rehab,re_rehab,1.0
VA0067,re_construction,re_construction,0.6995974605972003
VA0068,re_rehab,re_rehab,1.0
VA0069,re_rehab,re_rehab,1.0
VA0070,business,business,0.6004202942059441
VA0071,business,business,1.0
VA0072,re_rehab,re_rehab,1.0
VA0073,re_rehab,re_rehab,1.0
VA0074,re_rehab,re_rehab,1.0
VA0075,housing_sf_new,housing_sf_new,1.0
VA0076,re_rehab,re_rehab,1.0
VA0077,re_rehab,re_rehab,1.0
VA0078,re_construction,re_construction,1.0
VA0079,business,business,1.0
VA0082,re_construction,re_construction,1.0
VA0083,business,business,1.0
VA0085,re_construction,re_construction,0.8895692884519156
VA0086,re_rehab,re_rehab,1.0
VA0087,business,business,1.0
VA0088,business,business,1.0
VA0089,other,other,1.0
VA0090,re_rehab,re_rehab,1.0
VA0091,re_rehab,re_rehab,0.75
VA0092,re_rehab,re_rehab,1.0
VA0093,re_rehab,re_rehab,1.0
VA0094,re_construction,re_construction,1.0
VA0095,other,other,1.0
VA0096,re_rehab,re_rehab,1.0
VA0097,business,business,1.0
VA0098,business,business,1.0
VA0099,re_construction,re_construction,1.0
VA0100,housing_sf_new,housing_sf_new,1.0
VA0101,re_rehab,re_rehab,1.0
VA0102,re_rehab,re_rehab,1.0
VA0103,housing_sf_new,housing_sf_new,1.0
VA0104,re_construction,re_construction,0.6268656716417911
VA0105,re_construction,re_construction,1.0
VI0001,re_construction,re_construction,1.0
VT0001,business,business,0.84880546591746
VT0002,business,business,1.0
VT0003,re_rehab,re_rehab,1.0
VT0004,re_construction,re_construction,0.5790388667483264
VT0006,re_rehab,re_rehab,1.0
VT0007,re_construction,re_construction,1.0
VT0008,re_construction,re_construction,1.0
VT0009,re_construction,re_construction,1.0
VT0010,re_rehab,re_rehab,1.0
VT0011,re_rehab,re_rehab,1.0
VT0012,re_rehab,re_rehab,0.7531534644911259
VT0013,re_rehab,re_rehab,1.0
VT0014,re_rehab,re_rehab,1.0
VT0015,re_rehab,re_rehab,1.0
VT0016,re_construction,re_construction,1.0
VT0017,re_rehab,re_rehab,1.0
VT0019,business,business,1.0
VT0020,re_rehab,re_rehab,1.0
VT0021,business,business,1.0
VT0022,re_construction,re_construction,1.0
VT0023,re_rehab,re_rehab,1.0
VT0024,re_rehab,re_rehab,1.0
VT0025,re_rehab,re_rehab,1.0
VT0026,re_rehab,re_rehab,1.0
VT0027,re_construction,re_construction,1.0
VT0028,housing_sf_new,housing_sf_new,1.0
WA0001,re_rehab,re_rehab,0.6292893812483112
WA0002,re_construction,re_construction,1.0
WA0003,re_rehab,re_rehab,1.0
WA0004,business,business,1.0
WA0005,re_construction,re_construction,1.0
WA0006,re_rehab,re_rehab,1.0
WA0009,re_construction,re_construction,1.0
WA0010,re_construction,re_construction,1.0
WA0011,business,business,1.0
WA0012,business,business,1.0
WA0014,re_construction,re_construction,1.0
WA0015,business,business,1.0
WA0016,re_rehab,re_rehab,1.0
WA0017,business,business,1.0
WA0018,business,business,1.0
WA0019,business,business,1.0
WA0020,re_construction,re_construction,1.0
WA0021,re_rehab,re_rehab,1.0
WA0022,business,business,1.0
WA0023,business,business,1.0
WA0024,business,business,1.0
WA0025,housing_sf_new,housing_sf_new,1.0
WA0026,business,business,1.0
WA0027,re_rehab,re_rehab,1.0
WA0028,re_construction,re_construction,1.0
WA0029,business,business,1.0
WA0030,re_construction,re_construction,1.0
WA0032,business,business,1.0
WA0033,re_construction,re_construction,1.0
WA0034,re_rehab,re_rehab,1.0
WA0035,re_rehab,re_rehab,1.0
WA0036,re_construction,re_construction,1.0
WA0037,housing_sf_new,housing_sf_new,1.0
WA0038,re_construction,re_construction,1.0
WA0039,re_construction,re_construction,0.6684167785397196
WA0042,re_construction,re_construction,1.0
WA0043,re_rehab,re_rehab,1.0
WA0044,business,business,1.0
WA0045,re_rehab,re_rehab,1.0
WA0047,re_construction,re_construction,1.0
WA0048,re_construction,re_construction,1.0
WA0049,housing_sf_new,housing_sf_new,1.0
WA0050,re_rehab,re_rehab,1.0
WA0051,re_construction,re_construction,1.0
WA0052,business,business,1.0
WA0053,re_rehab,re_rehab,1.0
WA0054,re_construction,re_construction,1.0
WA0055,re_rehab,re_rehab,1.0
WA0056,business,business,1.0
WA0057,re_rehab,re_rehab,1.0
WA0058,re_rehab,re_rehab,0.787979737730315
WA0059,business,business,1.0
WA0060,re_construction,re_construction,1.0
WA0061,re_rehab,re_rehab,1.0
WA0062,re_construction,re_construction,1.0
WA0063,business,business,1.0
WA0064,re_rehab,re_rehab,1.0
WA0065,re_rehab,re_rehab,1.0
WA0066,re_construction,re_construction,0.6595452763622109
WA0068,business,business,1.0
WA0069,re_construction,re_construction,1.0
WA0070,re_rehab,re_rehab,1.0
WA0071,re_construction,re_construction,1.0
WA0072,re_construction,re_construction,1.0
WA0073,re_rehab,re_rehab,1.0
WA0075,re_construction,re_construction,1.0
WA0076,business,business,1.0
WA0077,re_construction,re_construction,1.0
WA0078,business,business,1.0
WA0079,business,business,1.0
WA0080,re_construction,re_construction,1.0
WA0081,business,business,1.0
WA0082,re_rehab,re_rehab,1.0
WA0083,re_construction,re_construction,1.0
WA0084,re_construction,re_construction,0.8539514022936301
WA0085,re_construction,re_construction,0.714828897338403
WA0086,housing_sf_rehab,other_small,1.0
WA0087,re_construction,re_construction,1.0
WA0088,business,business,1.0
WA0089,housing_sf_new,housing_sf_new,1.0
WA0091,re_construction,re_construction,1.0
WA0092,re_construction,re_construction,1.0
WA0093,re_rehab,re_rehab,1.0
WA0094,re_construction,re_construction,1.0
WA0095,re_construction,re_construction,1.0
WA0099,re_rehab,re_rehab,1.0
WA0100,housing_sf_new,housing_sf_new,1.0
WA0101,housing_sf_new,housing_sf_new,1.0
WA0102,business,business,0.5050505050505051
WA0103,business,business,1.0
WA0104,re_construction,re_construction,1.0
WA0105,re_construction,re_construction,1.0
WA0106,business,business,1.0
WA0108,re_rehab,re_rehab,1.0
WA0109,re_construction,re_construction,1.0
WA0110,business,business,1.0
WA0112,business,business,1.0
WA0113,re_rehab,re_rehab,1.0
WA0114,re_construction,re_construction,1.0
WA0116,business,business,1.0
WA0117,business,business,1.0
WA0118,re_construction,re_construction,1.0
WA0119,re_rehab,re_rehab,1.0
WA0120,re_construction,re_construction,1.0
WA0121,business,business,1.0
WA0122,business,business,1.0
WA0123,re_construction,re_construction,0.8032786885245902
WA0124,re_rehab,re_rehab,1.0
WA0125,re_construction,re_construction,1.0
WA0126,re_rehab,re_rehab,1.0
WA0128,re_rehab,re_rehab,1.0
WA0129,re_construction,re_construction,1.0
WA0130,re_rehab,re_rehab,1.0
WA0131,re_construction,re_construction,1.0
WA0132,business,business,1.0
WA0133,re_construction,re_construction,1.0
WA0134,housing_sf_new,housing_sf_new,1.0
WA0135,re_rehab,re_rehab,1.0
WA0136,business,business,1.0
WA0137,re_construction,re_construction,1.0
WA0139,re_construction,re_construction,1.0
WA0141,business,business,1.0
WA0142,re_construction,re_construction,1.0
WA0143,re_construction,re_construction,1.0
WA0144,re_construction,re_construction,1.0
WA0145,re_construction,re_construction,1.0
WA0146,re_construction,re_construction,1.0
WA0147,re_construction,re_construction,1.0
WA0148,re_construction,re_construction,1.0
WA0149,re_rehab,re_rehab,1.0
WA0150,re_construction,re_construction,1.0
WA0151,re_construction,re_construction,1.0
WA0152,re_construction,re_construction,1.0
WA0153,business,business,1.0
WA0154,re_construction,re_construction,1.0
WA0155,re_construction,re_construction,1.0
WA0156,re_construction,re_construction,1.0
WA0157,re_construction,re_construction,1.0
WA0158,re_rehab,re_rehab,1.0
WA0159,business,business,1.0
WA0160,business,business,1.0
WA0161,housing_sf_new,housing_sf_new,1.0
WA0162,business,business,1.0
WA0163,re_construction,re_construction,1.0
WI0001,re_rehab,re_rehab,1.0
WI0002,re_construction,re_construction,1.0
WI0003,business,business,1.0
WI0004,re_rehab,re_rehab,1.0
WI0005,re_construction,re_construction,1.0
WI0006,re_rehab,re_rehab,1.0
WI0007,re_rehab,re_rehab,1.0
WI0008,re_construction,re_construction,1.0
WI0009,business,business,1.0
WI0010,re_rehab,re_rehab,1.0
WI0011,re_rehab,re_rehab,1.0
WI0012,re_rehab,re_rehab,1.0
WI0013,re_construction,re_construction,1.0
WI0014,re_construction,re_construction,0.7830329589587488
WI0015,re_construction,re_construction,1.0
WI0016,re_construction,re_construction,1.0
WI0017,business,business,0.5228963397886766
WI0018,business,business,1.0
WI0019,re_rehab,re_rehab,1.0
WI0020,re_rehab,re_rehab,1.0
WI0021,re_construction,re_construction,1.0
WI0022,business,business,1.0
WI0023,re_rehab,re_rehab,1.0
WI0024,business,business,1.0
WI0025,re_rehab,re_rehab,1.0
WI0026,business,business,1.0
WI0027,re_rehab,re_rehab,1.0
WI0028,business,business,1.0
WI0029,re_construction,re_construction,1.0
WI0030,re_rehab,re_rehab,1.0
WI0031,re_construction,re_construction,1.0
WI0032,re_construction,re_construction,1.0
WI0033,re_construction,re_construction,1.0
WI0034,re_rehab,re_rehab,1.0
WI0035,other,other,1.0
WI0036,re_construction,re_construction,0.7437250255594274
WI0039,re_construction,re_construction,1.0
WI0040,re_rehab,re_rehab,1.0
WI0041,re_construction,re_construction,1.0
WI0042,re_rehab,re_rehab,1.0
WI0043,re_construction,re_construction,1.0
WI0044,re_rehab,re_rehab,1.0
WI0045,business,business,1.0
WI0046,business,business,1.0
WI0047,business,business,1.0
WI0048,business,business,1.0
WI0049,business,business,1.0
WI0050,re_construction,re_construction,1.0
WI0051,business,business,1.0
WI0052,business,business,1.0
WI0053,business,business,1.0
WI0054,re_rehab,re_rehab,0.875
WI0056,re_construction,re_construction,1.0
WI0057,re_construction,re_construction,1.0
WI0059,re_construction,re_construction,1.0
WI0060,business,business,1.0
WI0062,re_construction,re_construction,0.5555555555555556
WI0064,re_rehab,re_rehab,1.0
WI0065,business,business,1.0
WI0066,business,business,1.0
WI0067,re_construction,re_construction,1.0
WI0068,re_rehab,re_rehab,0.8539277508707382
WI0070,re_construction,re_construction,1.0
WI0072,re_rehab,re_rehab,1.0
WI0073,re_rehab,re_rehab,1.0
WI0074,business,business,1.0
WI0075,re_rehab,re_rehab,1.0
WI0077,business,business,1.0
WI0078,re_rehab,re_rehab,1.0
WI0080,business,business,1.0
WI0081,business,business,1.0
WI0082,re_rehab,re_rehab,1.0
WI0083,re_rehab,re_rehab,0.6770833333333334
WI0085,other,other,1.0
WI0086,business,business,1.0
WI0087,re_construction,re_construction,1.0
WI0088,business,business,1.0
WI0089,business,business,1.0
WI0090,re_rehab,re_rehab,1.0
WI0091,business,business,1.0
WI0092,re_construction,re_construction,1.0
WI0095,business,business,1.0
WI0096,business,business,1.0
WI0097,re_rehab,re_rehab,1.0
WI0098,business,business,1.0
WI0101,business,business,1.0
WI0102,business,business,1.0
WI0103,re_construction,re_construction,1.0
WI0104,business,business,1.0
WI0105,business,business,1.0
WI0106,business,business,1.0
WI0107,business,business,1.0
WI0108,re_rehab,re_rehab,1.0
WI0109,business,business,1.0
WI0110,business,business,1.0
WI0112,re_construction,re_construction,0.6855716106883517
WI0113,re_construction,re_construction,1.0
WI0114,re_rehab,re_rehab,1.0
WI0115,re_rehab,re_rehab,1.0
WI0117,business,business,1.0
WI0118,business,business,1.0
WI0119,re_construction,re_construction,1.0
WI0120,business,business,1.0
WI0121,business,business,1.0
WI0123,re_rehab,re_rehab,1.0
WI0124,business,business,1.0
WI0125,business,business,1.0
WI0126,business,business,1.0
WI0127,business,business,1.0
WI0128,re_rehab,re_rehab,1.0
WI0129,other,other,1.0
WI0130,business,business,1.0
WI0131,business,business,1.0
WI0132,re_rehab,re_rehab,0.875
WI0133,business,business,1.0
WI0134,business,business,1.0
WI0135,business,business,1.0
WI0136,business,business,1.0
WI0137,business,business,1.0
WI0138,business,business,1.0
WI0139,business,business,1.0
WI0140,business,business,1.0
WI0141,re_rehab,re_rehab,1.0
WI0142,business,business,1.0
WI0143,other,other,1.0
WI0144,business,business,1.0
WI0145,business,business,1.0
WI0146,re_construction,re_construction,0.6711409395973155
WI0147,business,business,1.0
WI0148,re_rehab,re_rehab,1.0
WI0149,business,business,1.0
WI0150,business,business,1.0
WI0156,business,business,1.0
WI0157,business,business,1.0
WI0158,business,business,1.0
WI0159,business,business,1.0
WI0161,business,business,1.0
WI0163,re_rehab,re_rehab,1.0
WI0164,business,business,1.0
WI0165,business,business,1.0
WI0167,business,business,1.0
WI0168,business,business,1.0
WI0169,re_construction,re_construction,1.0
WI0170,re_rehab,re_rehab,1.0
WI0172,re_rehab,re_rehab,0.8122284549625255
WI0173,re_construction,re_construction,1.0
WI0174,business,business,1.0
WI0176,re_rehab,re_rehab,1.0
WI0177,re_construction,re_construction,1.0
WI0178,re_rehab,re_rehab,1.0
WI0179,re_construction,re_construction,1.0
WI0180,re_rehab,re_rehab,1.0
WI0181,re_rehab,re_rehab,1.0
WI0182,business,business,1.0
WI0183,business,business,1.0
WI0184,business,business,1.0
WI0185,business,business,1.0
WI0186,business,business,1.0
WI0187,housing_mf_new,other_small,0.9475991793415005
WI0188,re_rehab,re_rehab,0.5188859214040442
WI0189,re_rehab,re_rehab,1.0
WI0190,re_rehab,re_rehab,1.0
WI0191,business,business,1.0
WI0192,re_rehab,re_rehab,1.0
WI0193,business,business,1.0
WI0194,re_construction,re_construction,1.0
WI0195,business,business,1.0
WI0196,re_construction,re_construction,1.0
WI0197,re_construction,re_construction,1.0
WI0198,business,business,1.0
WI0199,re_rehab,re_rehab,1.0
WI0200,business,business,1.0
WI0201,business,business,1.0
WI0202,business,business,1.0
WI0203,re_construction,re_construction,1.0
WI0204,re_rehab,re_rehab,1.0
WI0205,business,business,1.0
WI0207,business,business,1.0
WI0208,re_rehab,re_rehab,1.0
WI0209,re_construction,re_construction,1.0
WI0210,re_construction,re_construction,1.0
WI0211,business,business,1.0
WI0212,re_construction,re_construction,1.0
WI0213,re_rehab,re_rehab,1.0
WI0214,re_construction,re_construction,1.0
WI0215,re_construction,re_construction,1.0
WI0216,re_construction,re_construction,1.0
WI0217,business,business,1.0
WI0218,business,business,1.0
WI0219,business,business,1.0
WI0220,business,business,1.0
WI0221,re_construction,re_construction,1.0
WI0222,business,business,1.0
WI0223,re_construction,re_construction,0.5840698762607882
WI0224,business,business,1.0
WI0225,re_rehab,re_rehab,1.0
WI0226,re_construction,re_construction,1.0
WI0227,re_rehab,re_rehab,1.0
WI0228,business,business,1.0
WI0229,re_construction,re_construction,1.0
WI0230,re_construction,re_construction,1.0
WI0231,business,business,1.0
WI0232,business,business,1.0
WI0233,re_construction,re_construction,1.0
WI0234,business,business,1.0
WI0235,business,business,1.0
WI0236,business,business,1.0
WI0238,business,business,1.0
WI0239,business,business,1.0
WI0240,business,business,1.0
WI0241,re_construction,re_construction,1.0
WI0242,re_construction,re_construction,1.0
WI0243,re_construction,re_construction,1.0
WI0244,re_construction,re_construction,1.0
WI0245,re_construction,re_construction,1.0
WI0246,business,business,1.0
WI0247,business,business,1.0
WI0248,re_construction,re_construction,1.0
WI0249,re_rehab,re_rehab,1.0
WI0250,business,business,1.0
WI0251,re_construction,re_construction,1.0
WI0252,business,business,1.0
WI0253,re_construction,re_construction,1.0
WI0254,re_construction,re_construction,1.0
WI0255,re_construction,re_construction,1.0
WI0256,re_rehab,re_rehab,1.0
WI0258,re_rehab,re_rehab,1.0
WI0260,re_construction,re_construction,1.0
WI0261,business,business,1.0
WI0262,business,business,1.0
WI0263,re_rehab,re_rehab,1.0
WI0264,re_construction,re_construction,1.0
WI0265,re_construction,re_construction,1.0
WI0266,re_rehab,re_rehab,1.0
WI0267,other,other,1.0
WI0268,re_rehab,re_rehab,1.0
WI0269,re_construction,re_construction,1.0
WI0270,re_rehab,re_rehab,1.0
WI0271,business,business,1.0
WI0272,business,business,1.0
WI0273,re_rehab,re_rehab,1.0
WI0274,re_rehab,re_rehab,1.0
WI0275,business,business,1.0
WI0276,business,business,1.0
WI0277,business,business,1.0
WI0278,business,business,1.0
WI0279,re_construction,re_construction,1.0
WI0280,re_rehab,re_rehab,1.0
WI0281,business,business,0.5952380952380952
WI0282,re_rehab,re_rehab,1.0
WI0283,re_rehab,re_rehab,1.0
WI0284,re_construction,re_construction,1.0
WI0285,business,business,1.0
WI0286,re_construction,re_construction,1.0
WI0287,business,business,1.0
WI0288,re_rehab,re_rehab,1.0
WI0289,re_construction,re_construction,1.0
WI0290,other,other,1.0
WI0291,re_construction,re_construction,1.0
WI0292,business,business,1.0
WI0293,re_construction,re_construction,1.0
WI0294,housing_sf_new,housing_sf_new,1.0
WI0295,re_construction,re_construction,1.0
WI0296,re_construction,re_construction,1.0
WI0297,re_rehab,re_rehab,1.0
WI0298,re_construction,re_construction,0.824773413897281
WI0299,re_rehab,re_rehab,1.0
WI0300,re_rehab,re_rehab,1.0
WI0301,business,business,1.0
WI0302,re_rehab,re_rehab,1.0
WI0303,re_rehab,re_rehab,1.0
WI0304,business,business,1.0
WI0305,re_rehab,re_rehab,1.0
WI0306,re_rehab,re_rehab,1.0
WI0307,re_rehab,re_rehab,1.0
WI0308,re_rehab,re_rehab,1.0
WI0310,re_rehab,re_rehab,1.0
WI0312,business,business,1.0
WI0313,re_construction,re_construction,1.0
WI0314,re_construction,re_construction,1.0
WI0315,business,business,1.0
WI0316,re_construction,re_construction,1.0
WI0317,re_rehab,re_rehab,1.0
WI0318,re_rehab,re_rehab,1.0
WI0319,re_construction,re_construction,1.0
WI0320,re_construction,re_construction,1.0
WI0321,re_construction,re_construction,0.9202774813233725
WI0322,re_rehab,re_rehab,1.0
WI0323,other,other,1.0
WI0324,re_construction,re_construction,1.0
WI0325,re_construction,re_construction,1.0
WI0326,re_construction,re_construction,1.0
WI0327,re_construction,re_construction,1.0
WI0328,re_construction,re_construction,1.0
WI0329,re_rehab,re_rehab,1.0
WI0330,re_rehab,re_rehab,1.0
WI0331,business,business,1.0
WI0332,re_rehab,re_rehab,1.0
WI0333,business,business,1.0
WI0334,re_rehab,re_rehab,1.0
WI0335,business,business,1.0
WI0336,re_construction,re_construction,1.0
WI0337,re_construction,re_construction,1.0
WI0338,housing_sf_new,housing_sf_new,1.0
WI0339,re_construction,re_construction,1.0
WI0340,re_rehab,re_rehab,1.0
WI0341,business,business,0.6338729763387297
WI0342,re_construction,re_construction,1.0
WI0343,re_rehab,re_rehab,1.0
WI0344,re_construction,re_construction,1.0
WI0345,re_rehab,re_rehab,1.0
WI0346,re_construction,re_construction,1.0
WI0347,re_construction,re_construction,1.0
WI0348,re_rehab,re_rehab,1.0
WI0349,business,business,1.0
WI0350,re_rehab,re_rehab,1.0
WI0351,re_rehab,re_rehab,1.0
WI0352,re_rehab,re_rehab,1.0
WI0353,re_rehab,re_rehab,1.0
WI0354,re_rehab,re_rehab,1.0
WI0355,business,business,1.0
WI0356,re_rehab,re_rehab,1.0
WI0357,re_construction,re_construction,1.0
WI0358,re_construction,re_construction,1.0
WI0359,re_rehab,re_rehab,1.0
WI0360,re_construction,re_construction,1.0
WI0361,re_construction,re_construction,1.0
WI0362,re_rehab,re_rehab,1.0
WI0363,re_rehab,re_rehab,1.0
WI0364,re_rehab,re_rehab,1.0
WI0365,re_rehab,re_rehab,1.0
WI0366,business,business,1.0
WI0367,other,other,1.0
WI0368,other,other,1.0
WI0369,re_construction,re_construction,0.7802570093457943
WI0370,housing_sf_new,housing_sf_new,1.0
WI0371,re_rehab,re_rehab,1.0
WI0372,re_construction,re_construction,0.7276516905974988
WI0373,re_rehab,re_rehab,1.0
WI0374,business,business,1.0
WI0376,re_rehab,re_rehab,1.0
WI0377,re_construction,re_construction,1.0
WI0378,re_rehab,re_rehab,1.0
WI0379,re_construction,re_construction,0.7931034482758621
WI0380,re_construction,re_construction,1.0
WI0381,business,business,1.0
WI0382,re_construction,re_construction,1.0
WI0383,re_rehab,re_rehab,1.0
WI0384,re_rehab,re_rehab,1.0
WI0385,re_rehab,re_rehab,1.0
WI0386,re_rehab,re_rehab,1.0
WI0387,re_construction,re_construction,1.0
WI0388,business,business,1.0
WI0389,business,business,1.0
WI0390,re_construction,re_construction,1.0
WI0391,re_rehab,re_rehab,0.6167597765363129
WI0392,re_construction,re_construction,1.0
WI0393,housing_sf_rehab,other_small,1.0
WI0394,re_rehab,re_rehab,1.0
WI0395,re_rehab,re_rehab,1.0
WI0396,re_construction,re_construction,1.0
WI0397,re_construction,re_construction,1.0
WI0398,re_construction,re_construction,1.0
WI0399,re_rehab,re_rehab,1.0
WI0400,re_rehab,re_rehab,1.0
WI0401,re_construction,re_construction,0.8157894736842105
WI0402,re_construction,re_construction,0.8028169014084507
WI0403,re_construction,re_construction,1.0
WI0404,business,business,1.0
WI0406,re_rehab,re_rehab,0.7231253277399056
WI0409,re_rehab,re_rehab,1.0
WI0410,re_rehab,re_rehab,0.7979884609387182
WI0411,re_rehab,re_rehab,1.0
WI0412,re_rehab,re_rehab,1.0
WI0414,business,business,1.0
WI0415,business,business,1.0
WI0420,re_construction,re_construction,1.0
WI0421,re_construction,re_construction,1.0
WI0422,re_construction,re_construction,1.0
WI0423,re_rehab,re_rehab,1.0
WI0424,re_construction,re_construction,1.0
WI0425,re_construction,re_construction,0.7220630372492837
WV0001,business,business,1.0
WV0002,business,business,1.0
WV0003,business,business,1.0
WV0004,other,other,1.0
WV0005,re_construction,re_construction,1.0
WV0006,business,business,1.0
WV0007,housing_mf_rehab,other_small,1.0
WV0008,re_construction,re_construction,1.0
WV0009,business,business,1.0
WV0010,business,business,1.0
WV0011,re_rehab,re_rehab,1.0
WV0012,business,business,1.0
WV0013,re_rehab,re_rehab,1.0
WV0014,housing_sf_new,housing_sf_new,1.0
WV0015,business,business,1.0
WV0016,business,business,1.0
WV0017,business,business,1.0
WV0018,re_rehab,re_rehab,1.0
WV0019,re_rehab,re_rehab,1.0
WV0020,business,business,1.0
WV0021,re_construction,re_construction,1.0
WV0022,re_construction,re_construction,1.0
WV0023,business,business,1.0
WV0024,re_construction,re_construction,1.0
WV0025,re_rehab,re_rehab,1.0
WV0026,re_construction,re_construction,1.0
WV0027,re_rehab,re_rehab,1.0
WV0028,re_rehab,re_rehab,1.0
WV0029,business,business,0.6217948717948718
WV0030,re_rehab,re_rehab,1.0
WV0031,business,business,1.0
WV0032,business,business,1.0
WV0033,business,business,1.0
WV0034,business,business,1.0
WV0035,business,business,1.0
WV0037,business,business,0.5857740585774058
WV0038,re_construction,re_construction,1.0
WV0039,re_rehab,re_rehab,1.0
WV0040,re_rehab,re_rehab,1.0
WV0041,re_rehab,re_rehab,1.0
WV0042,re_rehab,re_rehab,1.0
WY0001,re_rehab,re_rehab,1.0
WY0002,business,business,1.0
WY0003,business,business,1.0
WY0004,business,business,1.0
WY0005,re_construction,re_construction,1.0
WY0006,re_construction,re_construction,1.0
WY0007,re_construction,re_construction,1.0
WY0008,re_construction,re_construction,1.0
